CustomerID,transactions #,Revenue,"Revenue(in thousand, rounded)"
12346,2,0,0
12347,7,4310,4
12348,4,1797.24,2
12349,1,1757.55,2
12350,1,334.4,0
12352,11,1545.41,2
12353,1,89,0
12354,1,1079.4,1
12355,1,459.4,0
12356,3,2811.43,3
12357,1,6207.67,6
12358,2,1168.06,1
12359,6,6245.53000000001,6
12360,3,2662.06,3
12361,1,189.9,0
12362,13,5154.58,5
12363,2,552,1
12364,4,1313.1,1
12365,3,320.69,0
12367,1,168.9,0
12370,4,3545.69,4
12371,2,1887.96,2
12372,3,1298.04,1
12373,1,364.6,0
12374,1,742.93,1
12375,3,455.42,0
12377,2,1628.12,2
12378,1,4008.62,4
12379,3,850.29,1
12380,5,2720.56,3
12381,6,1803.96,2
12383,6,1839.31,2
12384,3,566.16,1
12386,2,401.9,0
12388,6,2780.66,3
12390,1,549.84,1
12391,1,460.89,0
12393,4,1582.6,2
12394,2,1272.48,1
12395,15,2998.28,3
12397,2,2409.9,2
12398,1,1635.66,2
12399,4,1108.65,1
12401,1,84.3,0
12402,1,225.6,0
12403,2,409.7,0
12405,1,1710.39,2
12406,3,3280.75,3
12407,5,1708.12,2
12408,9,2842.57,3
12409,7,11056.93,11
12410,3,681.08,1
12412,3,1226.88,1
12413,5,694.15,1
12414,3,562.41,1
12415,26,123725.45,124
12417,12,3578.8,4
12418,1,668.58,1
12420,1,600.39,1
12421,5,806.27,1
12422,3,803.56,1
12423,9,1849.11,2
12424,2,1760.96,2
12425,1,777.2,1
12426,1,582.73,1
12427,5,708.37,1
12428,12,7877.2,8
12429,4,3750.4,4
12430,1,256.4,0
12431,18,6416.39,6
12432,5,5059.32,5
12433,7,13375.87,13
12434,4,765.19,1
12435,2,7829.89,8
12436,1,509.01,1
12437,19,4896.66,5
12438,2,2906.85,3
12441,1,173.55,0
12442,1,172.06,0
12444,5,5005.46,5
12445,1,133.4,0
12446,1,1002.31,1
12447,1,476.49,0
12448,1,449.45,0
12449,4,4067.29,4
12450,2,197.88,0
12451,6,8933.52,9
12452,3,428.57,0
12453,1,707.09,1
12454,2,-1.13686837721616E-13,0
12455,6,2466.86,2
12456,4,3153.89,3
12457,12,1917.78,2
12458,2,947.4,1
12461,2,826.88,1
12462,4,1124.01,1
12463,7,1303.63,1
12464,8,1212.05,1
12465,3,733.89,1
12468,3,724.04,1
12471,49,18740.9199999999,19
12472,13,6229.48,6
12473,9,2848.23,3
12474,30,7116.47,7
12475,1,723.38,1
12476,20,6546.58000000001,7
12477,9,13117.01,13
12478,1,680.99,1
12479,3,477.3,0
12480,4,3281.63,3
12481,11,5590.86,6
12483,13,2327.13,2
12484,8,4495.27,4
12488,3,1298.66,1
12489,1,334.93,0
12490,10,5417.93,5
12491,1,460.4,0
12492,2,263.21,0
12493,3,416.79,0
12494,13,1139.35,1
12497,1,1043.1,1
12498,3,403.7,0
12500,13,4206.27,4
12501,2,2089.68,2
12502,5,3723.87,4
12503,1,-1126,-1
12504,4,114,0
12505,1,-4.5,0
12506,1,73.5,0
12507,4,1258.06,1
12508,2,398.27,0
12509,1,176.5,0
12510,2,982.57,1
12512,2,138.03,0
12513,2,586.79,1
12514,1,1017.68,1
12515,1,383.7,0
12516,2,1312.06,1
12517,6,2464.89,2
12518,5,2056.89,2
12519,1,340.84,0
12520,6,2582.51,3
12521,1,599.68,1
12522,2,192.72,0
12523,13,1745.57,2
12524,8,4485.72,4
12526,3,1316.66,1
12527,3,348.71,0
12528,8,1922.28,2
12530,5,1623.63,2
12531,1,125.22,0
12532,1,349.83,0
12534,1,1089.18,1
12535,2,716.35,1
12536,5,4106.82,4
12538,1,363.95,0
12539,5,3852.5,4
12540,19,13309.04,13
12541,3,981.18,1
12544,2,355.7,0
12545,2,1000.39,1
12546,3,1141.5,1
12547,2,207.8,0
12548,1,95.2,0
12550,1,964.829999999999,1
12551,1,168,0
12552,2,437.82,0
12553,14,3652.25,4
12556,2,603.71,1
12557,5,11990.96,12
12558,2,2.66453525910038E-14,0
12559,3,536.21,1
12560,4,2101.39,2
12561,1,238.85,0
12562,7,3781.74,4
12564,1,456.9,0
12565,2,131.17,0
12566,2,346.7,0
12567,11,9114.93999999999,9
12569,35,4064.99,4
12571,2,519.61,1
12572,3,1004.72,1
12573,1,160.54,0
12574,1,218.45,0
12576,6,1306.98,1
12577,4,595.4,1
12578,4,2753.36,3
12579,3,410.72,0
12580,1,415.7,0
12581,1,197.71,0
12582,2,511.36,1
12583,18,7187.33999999999,7
12584,18,1893.95,2
12585,4,1982.81,2
12586,2,179.94,0
12587,1,144,0
12588,1,214.9,0
12589,2,646.68,1
12590,3,9861.38,10
12591,1,452.85,0
12592,2,437.6,0
12593,3,418.1,0
12594,11,3320.22,3
12596,2,618.27,1
12597,5,3683.13,4
12598,9,3002.68,3
12599,7,1032.58,1
12600,11,2581.04,3
12601,6,569.56,1
12602,1,153.12,0
12603,1,739.2,1
12604,2,254.18,0
12605,1,-7.5,0
12607,2,3.05533376376843E-13,0
12609,3,1126.85,1
12610,7,2057.99,2
12611,1,1193.32,1
12612,2,643.59,1
12613,6,3218.98,3
12614,1,315.6,0
12615,4,2291.19,2
12616,5,657.25,1
12617,1,355.53,0
12618,1,177.31,0
12619,13,3214.81,3
12620,3,1339.41,1
12621,23,13612.07,14
12622,1,180.1,0
12623,1,305.1,0
12624,2,641.13,1
12625,3,2614.32,3
12626,13,6388.35,6
12627,7,4478.53,4
12628,4,769.61,1
12630,2,1270.88,1
12631,1,640.5,1
12633,5,2140.63,2
12635,2,1689.18,2
12637,10,5953.25,6
12638,1,671.69,1
12639,1,486.1,0
12640,3,1174.58,1
12641,1,185.9,0
12642,3,1013.26,1
12643,6,3344.64,3
12644,1,477.91,0
12645,5,1755.38,2
12646,2,1346.97,1
12647,13,3669.92,4
12648,1,318.05,0
12649,4,603.71,1
12650,1,314.44,0
12651,1,114,0
12652,2,914.53,1
12653,2,2209.85,2
12654,5,601.98,1
12656,8,3982.72,4
12657,5,1152.06,1
12658,1,686.05,1
12659,1,91.68,0
12660,1,245.1,0
12662,12,3817.08,4
12664,10,4863.88,5
12665,2,61.75,0
12666,1,-227.44,0
12667,1,620.13,1
12668,6,3743.18,4
12669,4,1607.73,2
12670,6,2986.15,3
12672,1,225.9,0
12673,2,610.52,1
12674,7,1919.31,2
12676,6,1331.39,1
12678,13,17588.26,18
12679,9,1058.67,1
12680,4,862.81,1
12681,27,13677.59,14
12682,31,12288.22,12
12683,20,8221.09,8
12684,7,2283.63,2
12685,6,2863.08,3
12686,1,89.14,0
12688,1,4873.81000000001,5
12689,2,1247.61,1
12690,1,389.01,0
12691,6,1035.8,1
12693,6,830.96,1
12694,2,869.67,1
12695,4,582.1,1
12697,5,939.02,1
12700,6,4867.99000000001,5
12701,2,797.71,1
12702,1,219,0
12703,2,274.7,0
12704,10,2220.84,2
12705,14,6814.24,7
12707,1,603.42,1
12708,16,2616.32,3
12709,26,9294.09999999999,9
12710,4,1130.57,1
12712,17,4241.63,4
12713,1,848.55,1
12714,5,4708.85999999999,5
12715,1,353.86,0
12716,2,1053.49,1
12717,3,980.98,1
12718,1,238.25,0
12719,3,608.1,1
12720,29,5713.28,6
12721,7,2628.98,3
12722,6,904.33,1
12723,5,725.07,1
12724,4,1031.41,1
12725,1,427.8,0
12726,7,2609.1,3
12727,9,3947.7,4
12728,4,836.33,1
12729,1,453.01,0
12731,14,18793.41,19
12732,1,236.26,0
12733,1,383.95,0
12734,1,110.4,0
12735,2,779.57,1
12736,1,234,0
12738,1,155.35,0
12739,2,1013.04,1
12740,1,427.6,0
12743,2,546.43,1
12744,10,9120.39,9
12747,11,4196.01,4
12748,224,29072.1000000004,29
12749,8,3868.2,4
12750,1,275.88,0
12752,1,4366.78,4
12753,11,21024.01,21
12754,5,2949.12,3
12755,4,2203.2,2
12756,1,112.08,0
12757,19,4227.7,4
12758,2,2791.59,3
12759,3,1531.44,2
12762,2,1898.52,2
12763,2,494.08,0
12764,1,1693.88,2
12766,7,6989.63,7
12769,1,1143.6,1
12770,1,1351.45,1
12772,1,892.47,1
12775,6,1351.24,1
12778,7,804.23,1
12779,12,3868.7,4
12781,5,707.72,1
12782,6,2273.32,2
12783,8,1603.87,2
12784,2,574.42,1
12785,2,305.71,0
12787,3,463.66,0
12789,1,91.85,0
12790,1,324.92,0
12791,1,192.6,0
12792,1,400.54,0
12793,2,545.48,1
12794,2,860.41,1
12795,1,430.48,0
12797,3,194.18,0
12798,3,6977.04,7
12802,2,412.58,0
12808,3,483.65,0
12809,2,484.36,0
12811,3,514.85,1
12812,1,229.64,0
12814,1,125.92,0
12815,2,1063.46,1
12816,2,572.2,1
12817,1,166.04,0
12818,2,1517.88,2
12820,4,942.34,1
12821,1,92.72,0
12822,3,918.98,1
12823,5,1759.5,2
12824,1,397.12,0
12826,8,1468.12,1
12827,3,430.15,0
12828,6,1018.71,1
12829,3,253.05,0
12830,7,6748.4,7
12831,1,215.05,0
12832,2,383.03,0
12833,1,417.38,0
12834,1,312.38,0
12836,4,2612.86,3
12837,1,134.1,0
12838,2,683.129999999999,1
12839,16,5583.62,6
12840,6,2714.27,3
12841,26,3876.4,4
12842,2,1118.99,1
12843,9,1680.76,2
12844,2,325.96,0
12845,4,354.09,0
12847,1,871.54,1
12849,2,1050.89,1
12851,1,135.18,0
12852,2,299.75,0
12853,9,1881.7,2
12854,5,1289.15,1
12855,1,38.1,0
12856,8,2162.68,2
12857,2,1106.4,1
12863,2,504.2,1
12864,1,147.12,0
12865,3,1548.07,2
12866,1,559.12,1
12867,10,3986.22,4
12868,6,1607.06,2
12870,1,-14.9,0
12871,2,380.64,0
12872,2,599.97,1
12873,1,374,0
12875,2,343.23,0
12876,2,2218.02,2
12877,12,1535.77,2
12878,3,841.64,1
12879,4,552.57,1
12881,1,298,0
12882,2,1463.04,1
12883,4,703.47,1
12884,1,309.05,0
12885,4,1158.27,1
12886,3,1351.09,1
12888,4,313.77,0
12890,1,380.47,0
12891,3,331,0
12893,1,188.14,0
12895,3,347.3,0
12897,2,216.5,0
12901,36,16293.1,16
12902,1,138.68,0
12904,2,509.58,1
12906,5,2919.81,3
12908,4,246,0
12909,8,2128.83,2
12910,8,3075.04,3
12912,5,1662.3,2
12913,5,2483.63,2
12915,2,363.65,0
12916,5,2982.35,3
12917,1,594,1
12919,8,1301.44,1
12920,1,164.23,0
12921,50,16389.74,16
12922,1,405.38,0
12923,1,176.97,0
12924,5,929.95,1
12925,2,694.05,1
12928,5,2062.7,2
12929,2,105.1,0
12930,4,409.9,0
12931,20,33462.81,33
12933,4,606.28,1
12935,8,2156.45,2
12936,5,1012.9,1
12937,4,1504.27,2
12938,1,114.14,0
12939,8,11581.8,12
12940,4,876.29,1
12942,3,683.9,1
12943,1,-3.75,0
12944,2,604.51,1
12945,1,462.95,0
12947,11,1407.29,1
12948,8,2053.7,2
12949,10,4143.02,4
12950,3,1843,2
12951,8,1042.07,1
12952,5,1382.84,1
12953,1,329.85,0
12955,14,4734.26,5
12956,1,108.07,0
12957,12,3979.04,4
12962,2,266.39,0
12963,9,1841.03,2
12965,1,771.91,1
12966,1,160.18,0
12967,4,1194.75,1
12968,1,135.95,0
12970,4,452.24,0
12971,89,10930.26,11
12974,1,144.8,0
12976,1,738.6,1
12977,1,39.24,0
12980,12,7092.06,7
12981,2,372.22,0
12982,2,377.2,0
12984,1,97.5,0
12985,3,1215.62,1
12987,3,545,1
12988,1,535.32,1
12989,19,6854.51,7
12990,3,409.5,0
12991,2,503.76,1
12993,4,414.76,0
12994,5,902.22,1
12995,2,200.72,0
12997,7,1197.94,1
12999,3,455.88,0
13000,3,534.85,1
13001,15,9797.92000000001,10
13002,1,120.95,0
13003,3,149.05,0
13004,22,5613.43,6
13005,3,468.95,0
13006,1,81.57,0
13008,2,178.47,0
13011,1,50.55,0
13012,11,1311.62,1
13013,15,4786.99,5
13014,16,3365.43,3
13015,5,3346.28,3
13016,3,789.89,1
13017,1,204,0
13018,29,7272.75,7
13021,12,2584.4,3
13023,2,689.9,1
13026,8,936.15,1
13027,6,6912,7
13028,3,659.68,1
13029,3,1247.5,1
13030,2,799.48,1
13032,3,996.52,1
13033,1,190.55,0
13034,2,642.77,1
13035,3,886.63,1
13037,3,881.07,1
13038,3,908.46,1
13040,2,676.99,1
13043,2,471.57,0
13044,1,560.47,1
13045,1,305.28,0
13046,2,629.31,1
13047,18,3079.1,3
13048,5,1805.91,2
13049,2,656.68,1
13050,28,5684.61,6
13052,1,348.15,0
13055,4,1201.96,1
13058,3,271.4,0
13059,1,183.4,0
13060,1,307.53,0
13061,1,248.61,0
13062,1,346.98,0
13064,4,1119.49,1
13065,1,205.86,0
13066,3,430.9,0
13067,1,115.46,0
13068,2,344,0
13069,27,3717.82,4
13070,1,228.8,0
13072,1,177.15,0
13075,1,919.61,1
13077,4,729.27,1
13078,43,12432.28,12
13079,5,220.1,0
13080,1,58.08,0
13081,21,27964.48,28
13082,10,3595.48,4
13083,2,303.75,0
13085,3,272.38,0
13089,118,57385.8800000001,57
13090,18,8689.39,9
13091,2,319.82,0
13092,6,459.83,0
13093,13,7741.47,8
13094,16,1708.86,2
13095,1,74.4,0
13097,14,5893.31999999999,6
13098,41,28658.88,29
13099,1,207.36,0
13101,1,101.19,0
13102,27,6336.29,6
13103,1,243.94,0
13104,6,1098.48,1
13106,2,59.5,0
13107,5,1524.07,2
13108,1,350.06,0
13109,5,766.84,1
13110,8,1452.87,1
13113,40,10510,11
13115,14,2205.63,2
13116,2,485.19,0
13117,8,984.91,1
13118,7,1125,1
13120,1,30.6,0
13121,2,254.73,0
13122,2,922.39,1
13124,3,3866.33,4
13126,10,2056.29,2
13127,1,259.17,0
13130,1,64,0
13131,4,1039.3,1
13132,1,77.3,0
13133,2,109.8,0
13134,7,1740.63,2
13135,1,3096,3
13136,11,2545.38,3
13137,9,3605.08,4
13138,6,962.39,1
13139,8,5055.79,5
13140,3,423.72,0
13141,6,2385.8,2
13142,1,307.09,0
13144,1,110.95,0
13145,5,614.77,1
13146,1,228.91,0
13147,4,712.8,1
13148,17,3348.48,3
13149,4,1676.06,2
13151,2,1250.37,1
13153,1,486.22,0
13154,1,-611.86,-1
13155,4,971.76,1
13157,5,1721.57,2
13158,4,1201.06,1
13159,5,1379.75,1
13160,1,91.8,0
13161,1,112.75,0
13162,5,1644.99,2
13165,2,1021.48,1
13166,2,414.7,0
13167,4,791.33,1
13168,5,1310.14,1
13169,2,712.88,1
13170,1,116.01,0
13171,5,426.81,0
13173,2,353.65,0
13174,3,2817.03,3
13176,1,492.84,0
13177,1,282.45,0
13178,11,5725.47,6
13182,1,121.18,0
13183,9,3957.78,4
13184,12,1648.79,2
13185,1,71.4,0
13186,5,1539.69,2
13187,1,236.02,0
13188,1,114.6,0
13189,2,260.68,0
13192,2,911.94,1
13193,1,117.88,0
13194,1,60.7,0
13196,4,1797.78,2
13198,8,3384.09,3
13199,39,9803.96,10
13200,4,870.09,1
13203,4,869.46,1
13207,2,250.26,0
13208,7,1205.9,1
13209,11,5820.16,6
13210,1,353.48,0
13211,3,1197.42,1
13212,4,780.58,1
13213,6,1518.43,2
13216,1,333.74,0
13217,5,133.62,0
13218,1,62.64,0
13220,4,819.29,1
13221,2,847.41,1
13223,2,163.2,0
13224,3,2150.85,2
13225,8,6083.04,6
13226,1,108.21,0
13227,1,257.7,0
13228,1,358,0
13229,1,160.95,0
13230,15,2763.41,3
13232,7,1357.6,1
13233,2,605.12,1
13235,2,101.17,0
13236,3,727.27,1
13238,5,680.83,1
13239,1,329.56,0
13240,4,663.65,1
13242,3,270.4,0
13243,1,600.07,1
13244,1,121.74,0
13245,1,430.5,0
13246,7,1922.1,2
13247,4,501.12,1
13248,2,465.68,0
13249,3,711.41,1
13253,2,1030.4,1
13255,3,390.66,0
13256,1,0,0
13258,3,698.58,1
13259,1,292.32,0
13260,1,557.62,1
13261,2,944.1,1
13262,1,200.29,0
13263,35,7454.06999999996,7
13265,5,2107.66,2
13266,19,3717.67,4
13267,27,4404.44,4
13268,15,3167.64,3
13269,17,5315.92,5
13270,1,590,1
13271,2,178.26,0
13272,2,276.56,0
13273,1,138.98,0
13276,2,590.93,1
13277,4,258.4,0
13278,1,542.73,1
13279,2,126.3,0
13280,3,814.86,1
13282,6,1047.84,1
13283,2,93.66,0
13284,2,196.15,0
13285,4,2709.12,3
13291,1,361.11,0
13292,2,578.94,1
13294,2,873.74,1
13295,2,197.95,0
13296,1,87.4,0
13297,4,2089.85,2
13298,1,360,0
13299,1,142.5,0
13300,2,365.29,0
13301,4,618.09,1
13302,1,63.75,0
13304,1,300.42,0
13305,10,2000.86,2
13307,1,15,0
13308,4,1367.61,1
13309,5,1456.79,1
13310,6,1083.63,1
13311,2,598.57,1
13313,5,1555.32,2
13314,4,578.66,1
13316,5,5815.49,6
13317,9,2140.07,2
13318,3,640.76,1
13319,36,10664.34,11
13320,6,1491.7,1
13321,2,567.36,1
13322,1,199.48,0
13323,5,787.85,1
13324,12,7072.79999999999,7
13325,1,675.3,1
13327,9,3617.57,4
13328,1,1308.48,1
13329,4,740.4,1
13330,3,1140.93,1
13332,1,350.9,0
13334,3,3536.82,4
13336,1,795.12,1
13338,3,431.82,0
13339,1,860.12,1
13340,7,10736.48,11
13341,1,775.85,1
13343,2,303.93,0
13344,3,2543.72,3
13345,2,377.6,0
13347,1,341.36,0
13348,1,233.76,0
13349,1,247.32,0
13350,3,910.72,1
13351,1,373.94,0
13352,2,389.28,0
13354,1,743.53,1
13355,1,674.7,1
13356,1,768.24,1
13357,1,609.95,1
13358,1,439.03,0
13359,2,431.26,0
13362,5,3085.49,3
13363,2,992.5,1
13364,2,7.105427357601E-15,0
13365,3,2191.22,2
13366,1,56.16,0
13368,2,623.4,1
13369,2,263.75,0
13370,2,721.32,1
13372,1,378.64,0
13373,3,3312.25,3
13375,2,772.9,1
13376,3,1019.76,1
13379,3,572.56,1
13381,7,3626.81,4
13382,1,222.99,0
13384,9,4122.28,4
13385,1,534.57,1
13388,3,627.15,1
13389,3,797.96,1
13390,1,544.08,1
13391,1,59.8,0
13394,10,2312.8,2
13395,1,307.72,0
13396,4,1325.29,1
13397,6,1539.18,2
13398,1,457.34,0
13402,2,621.23,1
13403,1,75,0
13404,2,252.49,0
13405,3,572.451,1
13408,81,27487.41,27
13410,7,988.91,1
13411,1,213.55,0
13414,3,1390.5,1
13416,2,712.5,1
13417,2,640.83,1
13418,23,5845.44,6
13419,1,221.06,0
13420,4,140.35,0
13421,3,1848.98,2
13422,2,2601.55,3
13425,3,1624.21,2
13426,12,3550.7,4
13427,3,582.6,1
13428,1,218.47,0
13429,4,1006.8,1
13430,4,648.69,1
13431,2,1269.1,1
13434,2,534.24,1
13435,9,3794.49,4
13436,1,196.89,0
13437,7,3408.06,3
13439,1,283.71,0
13441,1,296.64,0
13447,4,1104.23,1
13448,10,3465.67,3
13449,1,291.88,0
13450,6,2043.72,2
13451,6,2916.45,3
13452,2,590,1
13453,2,356.98,0
13455,4,1007.35,1
13456,7,1737.82,2
13458,22,9537.92,10
13460,2,183.44,0
13461,3,1445,1
13462,2,143.25,0
13464,1,674.68,1
13466,2,297.95,0
13467,2,1083.71,1
13468,41,5656.75,6
13470,2,165,0
13471,4,2531.58,3
13473,3,417.54,0
13474,1,229.59,0
13475,4,1431.78,1
13476,4,1092.77,1
13477,8,1441.53,1
13479,3,291,0
13481,8,1776.81,2
13482,1,184.64,0
13483,1,140.34,0
13484,1,313.8,0
13485,1,454.24,0
13486,3,1122.41,1
13487,3,575.4,1
13488,17,8910.61,9
13489,4,449.52,0
13491,10,1215.82,1
13492,3,1269.84,1
13493,2,618.63,1
13494,1,316.26,0
13495,6,1990.12,2
13496,3,617.93,1
13497,3,321.05,0
13499,7,1146.96,1
13500,4,1136.77,1
13501,2,1310.47,1
13502,3,292,0
13503,1,216.85,0
13504,1,295.93,0
13505,8,4282.88,4
13506,3,452.82,0
13507,4,2479.16,2
13508,1,110.97,0
13509,7,979.72,1
13510,5,1785.16,2
13512,1,251.21,0
13513,1,205.1,0
13514,1,152.2,0
13515,4,891.12,1
13516,3,1389.41,1
13517,5,2109.07,2
13518,1,659.44,1
13519,2,110.8,0
13520,8,3487.75,3
13521,3,1093.65,1
13522,1,125.8,0
13523,6,3755.38,4
13524,5,680.18,1
13525,2,628.78,1
13527,8,2263.76,2
13529,2,307.76,0
13531,2,483.8,0
13532,1,210.31,0
13533,3,270.79,0
13534,43,5613.08000000002,6
13536,7,3448.29,3
13538,7,1280.85,1
13539,4,605.84,1
13544,2,291.41,0
13546,3,626.99,1
13548,2,682.41,1
13549,8,916.12,1
13551,1,91.8,0
13552,16,3539.53,4
13555,4,4149.28,4
13557,2,584.06,1
13558,4,605.06,1
13560,1,174.37,0
13561,1,141.86,0
13562,3,1799.33,2
13563,2,777.53,1
13564,5,647.740000000001,1
13565,2,240.22,0
13566,2,874.71,1
13568,1,192.85,0
13569,2,373.75,0
13570,1,239.49,0
13571,12,2092.32,2
13572,1,1384.25,1
13573,2,294.4,0
13575,5,732.07,1
13576,20,6703.3,7
13577,5,1658.3,2
13579,2,467.04,0
13581,1,118,0
13583,1,781.03,1
13584,1,142.4,0
13587,3,347,0
13588,13,2445.12,2
13589,2,379.65,0
13590,7,1976.12,2
13591,3,1117.13,1
13592,4,247.96,0
13593,6,1990.28,2
13594,1,396.97,0
13596,2,697.04,1
13598,2,167.42,0
13599,33,5030.6,5
13600,1,219.52,0
13601,2,693.32,1
13602,1,428.89,0
13603,1,164.34,0
13606,3,280.54,0
13607,1,678.01,1
13610,9,1115.43,1
13611,4,1158.2,1
13614,4,1610.46,2
13615,2,399.99,0
13617,3,544.18,1
13618,1,177.34,0
13621,1,213.85,0
13623,7,672.44,1
13626,1,257.23,0
13627,7,1624.02,2
13629,11,7792.36,8
13630,11,1995.68,2
13631,12,3021.77,3
13632,6,2117.02,2
13634,5,1575.16,2
13635,1,1071.03,1
13636,6,941.62,1
13637,3,810.5,1
13638,1,122.64,0
13639,1,1033.34,1
13642,1,354.8,0
13643,3,519.44,1
13644,5,2597.52,3
13645,1,252.1,0
13647,5,1670.22,2
13649,2,346.6,0
13650,7,1809.34,2
13651,2,94.2,0
13652,3,1095.08,1
13654,6,2707.33,3
13655,2,932.97,1
13656,2,379.65,0
13657,2,382.14,0
13658,7,2421.47,2
13659,3,1550.85,2
13662,7,879.08,1
13663,1,189.47,0
13666,3,84.65,0
13667,1,305.02,0
13668,29,6216.06999999998,6
13669,2,218.55,0
13670,1,349.7,0
13672,6,-71.46,0
13673,2,396.92,0
13675,2,486.82,0
13678,1,232.6,0
13680,5,2202.31,2
13681,4,827.83,1
13682,1,59.5,0
13684,2,64.23,0
13685,7,3119.44,3
13686,1,72,0
13689,1,910,1
13690,1,172.25,0
13692,5,1466.87,1
13693,2,-32,0
13694,60,62653.1,63
13695,15,2504.13,3
13697,1,151.3,0
13699,1,308.58,0
13700,10,2265.12,2
13703,1,99.5,0
13704,10,2295.31,2
13705,3,711.86,1
13706,1,330.79,0
13707,2,806.410000000001,1
13708,1,296.88,0
13709,17,6249.11,6
13710,1,180.48,0
13711,2,252.06,0
13712,1,228.84,0
13715,8,1053.94,1
13716,1,138.28,0
13717,7,1432.26,1
13718,2,306.55,0
13719,5,1041.68,1
13720,4,799.9,1
13721,1,524.14,1
13722,4,2369.16,2
13723,1,199.85,0
13725,11,1809.81,2
13726,2,1079.66,1
13727,2,333.48,0
13728,6,1016.14,1
13730,2,752.6,1
13731,2,610.59,1
13732,1,491.86,0
13735,8,2766.18,3
13736,3,724,1
13737,1,339.6,0
13739,1,216.9,0
13740,1,350.75,0
13741,4,666.33,1
13742,14,3102.42,3
13743,8,1340.15,1
13744,2,1156.36,1
13745,2,291.54,0
13747,1,79.6,0
13748,5,948.25,1
13750,5,1647.26,2
13751,1,296.25,0
13752,6,1186.28,1
13753,1,741.26,1
13754,2,282.6,0
13755,10,2154.68,2
13756,15,5145.12,5
13758,7,3190.55,3
13759,2,659.41,1
13760,2,286.79,0
13761,2,1070.65,1
13762,2,1.4210854715202E-14,0
13763,3,1689.46,2
13764,3,1521.76,2
13767,52,16945.71,17
13769,16,2771.87,3
13771,5,2631.7,3
13772,3,1132.13,1
13774,1,345,0
13777,41,25748.35,26
13778,1,178.7,0
13780,2,360.01,0
13781,1,127.84,0
13782,6,911.999999999999,1
13784,11,2462.79,2
13786,1,230.4,0
13787,2,309.04,0
13790,1,348.8,0
13791,3,1047.68,1
13792,2,195.55,0
13798,63,36351.42,36
13799,2,688.86,1
13800,1,558.32,1
13801,1,324.8,0
13802,6,3906.27,4
13803,1,277.07,0
13804,7,2635.79,3
13805,2,924.6,1
13806,1,256.38,0
13807,1,112.6,0
13808,5,1747.66,2
13809,1,155.05,0
13810,4,899.51,1
13811,4,591.75,1
13812,3,539,1
13813,5,1353.41,1
13814,3,1562.12,2
13815,5,4014.91,4
13816,4,555.04,1
13817,2,382.98,0
13819,3,1140.35,1
13821,2,385.64,0
13822,2,632,1
13823,2,957.66,1
13824,5,1698.94,2
13826,2,174.65,0
13827,3,412.05,0
13828,1,209.49,0
13829,1,-102,0
13831,6,2202.99,2
13832,2,40.95,0
13833,1,384.8,0
13835,4,834.57,1
13837,2,271.24,0
13838,4,691.73,1
13841,1,85,0
13842,9,3385.62,3
13844,1,361.62,0
13845,1,312.98,0
13846,4,847.61,1
13848,3,1255,1
13849,2,1537.95,2
13850,2,1586.81,2
13851,3,2651.46,3
13853,2,1056.94,1
13854,29,8025.02,8
13856,5,363.4,0
13858,1,216.17,0
13859,1,201.16,0
13860,6,1240,1
13862,10,2187.31,2
13863,2,299.56,0
13865,4,501.56,1
13866,1,145.67,0
13867,3,1015.29,1
13868,2,3192.54,3
13869,4,3104.95,3
13870,10,2751.25,3
13871,14,6389.8,6
13873,4,381.7,0
13874,1,540.45,1
13875,5,1786.79,2
13876,1,122.7,0
13877,1,117.24,0
13878,1,1281.53,1
13880,13,3219.77,3
13881,22,16989.52,17
13882,6,1131.28,1
13883,9,2538.75,3
13884,6,781.3,1
13885,2,506.8,1
13886,1,243.56,0
13887,1,349.55,0
13888,2,605.63,1
13889,1,416.9,0
13890,14,1860.86,2
13892,4,632.97,1
13893,1,821.1,1
13894,5,535.97,1
13895,5,2588.12,3
13897,1,311.16,0
13898,1,155.93,0
13899,2,388.52,0
13900,3,740.95,1
13901,5,2867.2,3
13904,2,332.64,0
13908,5,2347.05,2
13911,9,2580.91,3
13914,3,613.95,1
13917,2,272.04,0
13918,2,1212.84,1
13919,3,350.16,0
13922,1,172.25,0
13923,1,351.13,0
13924,11,1682.08,2
13925,6,616.65,1
13926,1,223.85,0
13927,1,348.99,0
13928,4,464.57,0
13929,3,802.85,1
13930,2,337.34,0
13931,3,1230.93,1
13932,1,307.4,0
13933,2,608.79,1
13934,1,922.1,1
13936,2,361.28,0
13937,1,158.85,0
13938,1,71.66,0
13939,4,556.75,1
13940,4,839.14,1
13941,7,4912.41,5
13946,3,561.57,1
13947,1,90.6,0
13948,1,102,0
13949,6,2427.32,2
13950,5,728.56,1
13951,3,674.45,1
13952,3,3246.091,3
13953,7,3515.68,4
13954,3,378.59,0
13955,2,322.96,0
13956,5,1026.42,1
13958,1,-102.45,0
13959,3,598.2,1
13960,2,230.22,0
13962,2,169.55,0
13963,4,664.54,1
13967,1,80.7,0
13969,20,8986.69,9
13971,11,2702.22,3
13972,2,190.25,0
13973,1,264.7,0
13974,1,413.59,0
13975,7,2503.23,3
13976,1,357.98,0
13978,2,196.79,0
13979,1,869.87,1
13980,1,200.14,0
13982,5,1861.11,2
13983,13,2590.46,3
13984,6,488.03,0
13985,16,7024.53000000001,7
13986,1,320.46,0
13988,9,4098.8,4
13989,2,1266.08,1
13990,1,311.3,0
13991,7,850.63,1
13992,1,76.8,0
13993,12,3409.66,3
13994,6,2313.14,2
13995,6,1383.49,1
13999,15,3865.26,4
14000,2,633.71,1
14001,4,2030.33,2
14002,2,529.73,1
14004,7,4582.64,5
14005,5,2874.72,3
14006,3,962.19,1
14009,3,685.93,1
14012,1,328.8,0
14013,3,473.02,0
14014,1,505.18,1
14015,1,917.34,1
14016,5,4328.46,4
14019,4,1398.96,1
14020,2,642.8,1
14021,3,631.9,1
14022,1,440,0
14023,2,584.07,1
14024,2,327.7,0
14027,1,104.82,0
14029,2,467.66,0
14030,8,2360.09,2
14031,23,14634.64,15
14032,18,2929.84,3
14034,4,512.02,1
14035,5,1428.02,1
14036,1,626.65,1
14037,2,147.2,0
14038,4,1554.48,2
14039,1,152.2,0
14040,15,3542.19,4
14041,1,141.41,0
14044,4,652.819999999999,1
14045,4,1659.75,2
14046,1,154.99,0
14047,7,1290.01,1
14048,2,375.13,0
14049,6,5639.15,6
14050,2,746.36,1
14051,26,15477.34,15
14052,1,225.36,0
14053,2,260.25,0
14054,1,92.46,0
14055,1,725.64,1
14056,29,8124.39999999998,8
14057,18,6147.4,6
14059,1,183.6,0
14060,20,6135.38,6
14062,12,10464.85,10
14064,7,1188.32,1
14066,1,152.55,0
14067,2,374.7,0
14068,1,265.85,0
14071,9,1307.41,1
14073,2,139.54,0
14075,3,942.26,1
14076,1,122.47,0
14077,5,499.42,0
14078,6,1049.37,1
14079,1,375.1,0
14080,1,45.6,0
14081,4,904.67,1
14082,1,182.25,0
14083,9,1018.43,1
14085,19,4435.79,4
14087,2,181.67,0
14088,14,50415.49,50
14089,1,161,0
14090,1,76.32,0
14092,17,4063.1,4
14093,1,442.85,0
14096,34,57120.9099999997,57
14098,1,147.35,0
14099,12,3092.97,3
14100,1,194.9,0
14101,6,5976.79,6
14102,8,1314.73,1
14104,2,216.21,0
14105,2,1260.33,1
14107,8,2688.48,3
14108,3,594.16,1
14109,2,80.2,0
14110,13,5669.65,6
14111,5,688.6,1
14112,12,2774.17,3
14113,8,1377.92,1
14114,2,386.53,0
14116,5,1382.74,1
14117,1,90,0
14119,1,-19.9,0
14121,6,2740.3,3
14124,1,419.58,0
14125,3,2740.43,3
14126,4,643.63,1
14127,3,709.71,1
14128,2,637.5,1
14129,5,1123.86,1
14130,1,483.86,0
14132,12,3580.13,4
14133,5,590.34,1
14135,15,4690.31,5
14138,2,982.38,1
14139,1,415.82,0
14140,3,920.05,1
14141,6,879.03,1
14142,1,311.81,0
14143,1,115.8,0
14145,5,3148.2,3
14146,6,2949.57,3
14147,3,468.4,0
14148,1,157.2,0
14149,3,259.43,0
14150,2,658.64,1
14152,3,611.09,1
14154,2,1345.62,1
14155,1,118.75,0
14156,66,113384.14,113
14157,3,400.43,0
14158,1,507.66,1
14159,14,4678.29999999999,5
14161,3,1110.52,1
14162,2,289.36,0
14163,4,2445.91,2
14164,2,1631.77,2
14165,1,122.54,0
14167,4,574.84,1
14171,1,363.79,0
14173,4,450.84,0
14174,1,134.46,0
14175,7,3108.06,3
14176,5,574,1
14177,5,554.46,1
14178,7,1620.93,2
14179,2,719.78,1
14180,31,4640.77,5
14184,1,452.89,0
14185,1,197.65,0
14188,10,2018.91,2
14189,24,4604.31,5
14191,14,4660.01,5
14193,2,853.39,1
14194,32,11216.75,11
14195,3,962.7,1
14196,1,335.52,0
14198,7,663.5,1
14199,1,185.4,0
14201,9,688.04,1
14204,1,161.03,0
14205,4,218.78,0
14206,2,308.26,0
14208,1,151.74,0
14209,7,2067.13,2
14210,7,1900.89,2
14211,13,2208.3,2
14212,1,1070.48,1
14213,1,-1192.2,-1
14214,7,1000.23,1
14215,7,1777.92,2
14216,4,1839.3,2
14217,24,1925.36,2
14218,1,169.48,0
14219,1,89.94,0
14220,2,632.4,1
14221,10,3427.85,3
14222,1,683.17,1
14223,4,975.23,1
14224,4,1050.12,1
14226,7,2201.64,2
14227,15,3315.71,3
14229,5,1450.6,1
14231,5,822.06,1
14232,8,2043.93,2
14233,5,1447.51,1
14234,4,775.46,1
14235,6,3093.86,3
14236,2,490.86,0
14237,1,161,0
14238,1,146.85,0
14239,13,2323.5,2
14240,2,890.340000000001,1
14241,1,213.7,0
14242,2,280.55,0
14243,14,2535.88,3
14245,5,1677.48,2
14246,3,1474.06,1
14247,1,136.77,0
14248,1,302.58,0
14250,3,1904.05,2
14251,5,2879.7,3
14256,3,935.06,1
14257,6,3087.27,3
14258,10,12650.08,13
14259,1,120,0
14261,2,1163.45,1
14262,8,2618.23,3
14264,3,319.47,0
14265,2,530.18,1
14267,7,1279.09,1
14270,1,492.65,0
14271,1,112.32,0
14272,2,437.96,0
14273,4,559.97,1
14276,5,1019.39,1
14277,4,3957,4
14280,1,134.04,0
14282,15,3729.34,4
14284,3,578.45,1
14285,4,1910.01,2
14286,5,4595.81,5
14287,4,151.23,0
14288,2,413.85,0
14289,6,911.26,1
14290,6,2307.45,2
14291,12,3873.3,4
14292,14,4819.33,5
14293,4,1046.56,1
14295,2,154.7,0
14297,6,1284.06,1
14298,45,50862.44,51
14299,18,2855.35,3
14300,1,43.2,0
14301,2,632.04,1
14304,2,197.1,0
14305,5,1803.76,2
14306,3,2083.42,2
14307,6,2995.72,3
14309,10,2319.68,2
14311,2,229.71,0
14312,6,1611.59,2
14314,1,120,0
14315,7,2456.98,2
14317,1,508.58,1
14320,3,343.11,0
14321,5,1530.75,2
14323,4,574.26,1
14326,2,166.85,0
14327,1,311.65,0
14329,14,4928.74,5
14331,2,462.66,0
14332,3,866.31,1
14333,2,351.45,0
14334,9,2539.46,3
14335,2,468.26,0
14336,4,1614.91,2
14338,4,554.22,1
14339,4,289.91,0
14340,1,134.7,0
14341,9,2166.38,2
14342,6,607.71,1
14344,8,889.93,1
14345,1,108.98,0
14346,2,1021.58,1
14348,1,409.57,0
14349,1,133.5,0
14350,2,258.7,0
14351,1,51,0
14352,4,1078.96,1
14353,1,90.6,0
14354,2,163.62,0
14355,1,174.4,0
14356,4,666.94,1
14357,1,225.77,0
14359,6,882.58,1
14360,4,2128.23,2
14362,1,161.2,0
14364,8,3717.35,4
14367,19,9167.82000000001,9
14368,1,155,0
14371,1,100.5,0
14373,1,76.55,0
14375,1,257.68,0
14377,2,617.05,1
14379,2,348.1,0
14381,1,202.68,0
14382,1,626.07,1
14383,3,1247.69,1
14385,3,202.11,0
14386,1,142.4,0
14387,3,1770.56,2
14388,10,3172.04,3
14389,5,999.72,1
14390,13,4592.47,5
14393,1,67.95,0
14395,12,3471.91,3
14396,2,487.99,0
14397,23,2556.68,3
14400,2,559.7,1
14401,14,4039.98,4
14403,5,1426.31,1
14404,7,1434.72,1
14406,1,156.75,0
14407,9,2111.08,2
14408,7,2606.53,3
14409,7,1908.25,2
14410,15,576.3,1
14411,1,1063,1
14412,3,761.33,1
14413,1,122.7,0
14414,8,1485.13,1
14415,18,5811.56,6
14416,2,490.22,0
14418,3,1937.25,2
14419,6,1058.06,1
14420,2,385.87,0
14421,2,813.11,1
14422,6,4263.64,4
14423,1,265.2,0
14424,1,322.08,0
14426,16,3918.9,4
14427,2,363.34,0
14428,7,1230.14,1
14431,2,397.76,0
14432,6,2255.51,2
14434,6,1372.8,1
14436,1,89.06,0
14437,2,-43.4,0
14438,1,131.9,0
14439,1,2661.24,3
14440,5,2357.68,2
14441,10,1545.14,2
14442,5,1544.62,2
14443,7,1400.88,1
14446,4,1039.58,1
14447,5,1163.23,1
14448,2,375.35,0
14449,4,907.1,1
14450,3,483.25,0
14451,2,662.59,1
14452,2,264.44,0
14453,1,119.93,0
14456,14,3047.63,3
14457,1,113.64,0
14459,1,1837.92,2
14460,4,383.34,0
14461,3,2103.06,2
14462,15,1965.9,2
14463,3,529.62,1
14465,3,1058.62,1
14466,7,2272.4,2
14467,4,598.76,1
14470,2,461.19,0
14472,8,1936.84,2
14473,2,234.34,0
14474,2,537.71,1
14475,6,799.82,1
14476,1,215.7,0
14477,5,1307.81,1
14479,2,316.25,0
14480,1,279.05,0
14481,2,636.51,1
14482,6,2068.15,2
14483,2,129.2,0
14484,1,321.92,0
14485,1,165.75,0
14487,7,1183.58,1
14488,2,1047.43,1
14489,1,463.38,0
14491,2,340.93,0
14493,7,2362.84,2
14494,1,139.56,0
14495,2,123.8,0
14496,2,538.81,1
14497,2,457.47,0
14498,5,1957.32,2
14499,3,815.32,1
14500,3,356.85,0
14501,3,190.31,0
14502,14,2351.02,2
14503,6,3543.26,4
14504,4,673.26,1
14505,11,5818.69999999999,6
14506,5,2012.17,2
14507,7,1368.18,1
14508,2,276.42,0
14511,6,1267.41,1
14512,2,275.28,0
14513,4,438.49,0
14514,3,1055.35,1
14515,6,2102.09,2
14517,2,330.45,0
14518,1,174.37,0
14520,2,270.6,0
14522,4,974.54,1
14523,1,241.09,0
14524,9,1867.68,2
14525,13,4221.37,4
14527,86,7711.37999999995,8
14528,1,364.22,0
14529,3,620.04,1
14530,6,2925.91,3
14532,4,932.85,1
14533,9,1812.62,2
14534,25,4075.35,4
14535,4,2841.09000000001,3
14536,1,171.8,0
14537,1,355.56,0
14538,2,388.25,0
14539,2,537.48,1
14540,3,996.26,1
14541,8,1461.65,1
14542,1,103.25,0
14543,21,2916.17,3
14544,2,2024.45,2
14546,9,2487.02,2
14547,9,3986.74,4
14548,2,652.8,1
14549,1,289.24,0
14550,2,765.62,1
14551,2,186.23,0
14552,1,165.07,0
14553,5,859.27,1
14554,4,2381.04,2
14555,2,324.14,0
14557,2,0,0
14560,24,2174.18,2
14561,3,1080.76,1
14562,22,4709.22,5
14565,6,3073.77,3
14566,1,1432,1
14567,3,1524.46,2
14569,1,227.39,0
14570,2,218.06,0
14572,10,2803.69,3
14573,13,1603.72,2
14576,1,35.4,0
14577,4,859.710000000001,1
14578,1,168.63,0
14581,1,138.6,0
14582,1,114.11,0
14583,5,1052.55,1
14584,5,1029.26,1
14585,1,157.05,0
14586,3,134.16,0
14587,10,1598.24,2
14589,1,39.75,0
14591,4,1447.14,1
14592,3,570.46,1
14593,3,617.99,1
14594,2,379.83,0
14595,6,1740.6,2
14597,2,883.15,1
14598,1,221.97,0
14600,1,393.33,0
14601,1,213.96,0
14603,1,660,1
14606,128,11713.8500000001,12
14607,17,11341.1,11
14608,4,1785.15,2
14609,4,601.56,1
14616,3,406.08,0
14618,4,538.59,1
14619,2,379.51,0
14620,3,393.28,0
14621,6,1765.76,2
14622,1,320.58,0
14623,6,869.35,1
14624,2,225.85,0
14625,5,848.48,1
14626,7,2757.07,3
14627,1,-21.85,0
14628,2,671.96,1
14629,3,939.21,1
14631,3,1006.98,1
14632,1,114.56,0
14633,1,344.9,0
14636,2,609.85,1
14638,1,443.6,0
14639,8,2952.34,3
14640,8,2042.15,2
14641,1,110.46,0
14642,1,96.12,0
14643,3,668.61,1
14644,4,780.46,1
14645,2,597.09,1
14646,77,279489.02,279
14647,1,243.22,0
14649,4,1417.29,1
14651,2,654.6,1
14652,1,114.18,0
14653,7,1947.55,2
14655,5,1930.15,2
14656,2,291.05,0
14657,5,838.27,1
14658,2,247.15,0
14659,12,2456.53,2
14660,2,285.74,0
14661,1,107.95,0
14662,4,771.17,1
14664,2,637.89,1
14665,7,1258.38,1
14666,1,195.25,0
14667,27,9231.2,9
14669,3,1269.99,1
14670,2,411.53,0
14672,2,765.55,1
14673,5,1736.4,2
14675,1,604.75,1
14676,8,2543.24,3
14679,1,-2.55,0
14680,23,26932.34,27
14681,3,498.95,0
14682,2,52,0
14684,5,1236.28,1
14687,1,628.38,1
14688,27,5107.38,5
14689,1,112.8,0
14690,3,358.61,0
14691,5,2114.33,2
14692,5,582.05,1
14693,1,172.9,0
14696,9,2070.97,2
14697,2,188.61,0
14698,5,1250.76,1
14699,1,109.13,0
14700,3,2235.3,2
14701,12,2486.22,2
14702,18,3250.64,3
14703,1,318.17,0
14704,9,1546.91,2
14705,1,179,0
14708,4,1096.67,1
14709,14,4911.14000000001,5
14710,4,606.13,1
14711,12,2838.2,3
14712,3,917.07,1
14713,12,2664.26,3
14714,1,160.19,0
14715,4,867.38,1
14716,2,329.68,0
14719,6,1592.18,2
14720,3,663.81,1
14722,1,187.92,0
14723,6,1158.3,1
14725,1,718.08,1
14727,1,268.58,0
14729,1,313.49,0
14730,8,2005.06000000001,2
14731,3,380.02,0
14732,10,2686.34,3
14733,15,9451.54,9
14735,34,5807.69,6
14737,3,1164.55,1
14738,9,1289.94,1
14739,8,3899.1,4
14740,4,1423.21,1
14741,6,1400.34,1
14744,9,1088.53,1
14745,6,1167.16,1
14747,2,294.3,0
14748,6,1311.79,1
14752,1,389.64,0
14753,1,563.15,1
14754,2,638.05,1
14755,12,4965.38,5
14756,1,738.96,1
14757,1,420.5,0
14758,4,1484.06,1
14759,3,1625.97,2
14760,2,53.8,0
14761,2,255.9,0
14762,1,300.52,0
14764,2,250.55,0
14765,3,254.11,0
14766,8,2423.07,2
14768,3,139.5,0
14769,10,10641.6,11
14770,2,876.42,1
14772,1,139.26,0
14775,3,1011.9,1
14776,13,2195.58,2
14777,2,-17.45,0
14778,2,730.86,1
14779,3,386.15,0
14780,2,447.68,0
14782,1,200.1,0
14784,2,289.99,0
14785,2,77.4,0
14788,2,679.44,1
14789,1,197.64,0
14790,4,745.06,1
14792,2,0,0
14793,2,214.14,0
14794,9,1272.11,1
14795,1,131.45,0
14796,27,7839.50999999998,8
14798,3,173.74,0
14799,1,157.7,0
14800,16,4236.34,4
14801,1,193.14,0
14803,3,845.55,1
14804,1,353.27,0
14805,4,554.65,1
14806,1,193.39,0
14808,15,2175.37,2
14810,11,2087.88,2
14813,2,155.43,0
14815,2,778.5,1
14816,1,271.85,0
14817,2,1110.34,1
14818,3,657.8,1
14819,2,272.07,0
14820,4,507.29,1
14821,1,48.8,0
14823,3,321.43,0
14824,4,1127.71,1
14825,12,2226.91,2
14828,3,2139.76,2
14829,6,644.65,1
14830,1,197.13,0
14834,8,1698.35,2
14836,3,102.45,0
14837,5,1641.2,2
14840,1,62.85,0
14841,6,3295.76,3
14842,8,2456.8,2
14844,4,3189.81,3
14847,1,309.4,0
14849,28,7904.28,8
14850,2,278.15,0
14851,2,511.35,1
14852,6,2836.69,3
14853,3,463.05,0
14854,8,2749.89,3
14855,2,645.65,1
14856,3,1311.38,1
14857,3,1165.65,1
14859,5,1352.04,1
14860,2,168.62,0
14861,1,125.79,0
14862,2,841.2,1
14863,1,266.76,0
14865,2,52.2,0
14866,13,14197.45,14
14867,4,701.33,1
14868,9,2939.64,3
14869,3,721.95,1
14870,1,327.25,0
14871,4,522.38,1
14873,1,519.68,1
14875,5,1448.72,1
14878,9,1485.54,1
14880,3,706.19,1
14881,1,255.4,0
14882,2,589.7,1
14883,7,756.64,1
14885,1,765.32,1
14886,1,364.8,0
14887,1,1862,2
14888,1,369.2,0
14889,1,135.9,0
14890,1,125.65,0
14891,2,554.38,1
14893,2,1237.85,1
14894,1,655.75,1
14895,24,11020.26,11
14896,2,468.77,0
14897,4,1366.38,1
14898,8,1228.32,1
14901,10,1414.99,1
14902,2,314.11,0
14903,10,2744.48,3
14904,2,1025.44,1
14905,3,599.9,1
14907,10,3478.85,3
14908,1,277.8,0
14910,7,389.86,0
14911,248,132572.62,133
14912,3,841.52,1
14913,4,1227.43,1
14915,3,258.83,0
14916,5,1264.84,1
14918,2,1610.15,2
14920,2,977.77,1
14921,2,1316.07,1
14923,1,749.1,1
14924,1,310.05,0
14929,1,223.88,0
14930,3,2372.86,2
14931,6,964.68,1
14932,1,363.53,0
14934,3,1888.84,2
14935,1,1784.71,2
14936,9,8117.42,8
14937,4,1617.63,2
14944,14,5842.95,6
14946,1,100.9,0
14947,2,290.82,0
14948,7,1066.57,1
14950,2,361.25,0
14951,1,311.69,0
14952,15,7912.79,8
14953,1,289.82,0
14954,1,336.17,0
14957,1,58.49,0
14958,3,499.68,0
14959,5,684.97,1
14960,2,221.27,0
14961,12,7006.58,7
14962,1,126.7,0
14963,5,1487.8,1
14964,1,206.21,0
14965,2,599,1
14966,1,191.32,0
14967,1,463.8,0
14968,1,147.59,0
14970,4,1592.06,2
14971,3,1116.57,1
14972,1,114.77,0
14973,3,1314.45,1
14974,1,114.39,0
14975,1,279.94,0
14976,8,765.86,1
14978,5,1931.42,2
14981,1,102.12,0
14984,2,213.27,0
14985,2,296.75,0
14987,2,326.4,0
14988,1,334.54,0
14995,2,233.23,0
14997,4,540.98,1
14998,2,429.87,0
15000,1,490.52,0
15002,4,1641.76,2
15004,1,1246.32,1
15005,35,6180.48999999999,6
15006,1,502.09,1
15007,1,156.91,0
15009,3,1261.78,1
15010,1,308.94,0
15012,2,423.04,0
15014,2,260.17,0
15016,1,170.04,0
15017,1,125.58,0
15018,4,456.26,0
15019,1,266,0
15021,13,1872.28,2
15022,4,905.04,1
15023,12,6763.15999999999,7
15024,10,1661.33,2
15025,1,377.01,0
15026,3,469,0
15027,6,1051.95,1
15028,4,627.13,1
15030,2,518.28,1
15031,4,668.14,1
15032,5,4464.1,4
15033,11,2571.02,3
15034,11,4277.66,4
15035,1,252.73,0
15036,3,465.55,0
15038,7,665.59,1
15039,52,19786.44,20
15041,1,180.35,0
15042,1,135.93,0
15043,1,537,1
15044,22,7629.38,8
15045,3,633.66,1
15046,16,5064.01,5
15047,1,343.62,0
15048,5,380.57,0
15049,1,121.17,0
15050,5,1727.17,2
15051,3,1391.61,1
15052,1,215.78,0
15053,3,697.79,1
15054,2,302.1,0
15057,2,1489.5,1
15058,11,2124.99,2
15059,11,1325.82,1
15060,4,303.09,0
15061,55,54228.74,54
15062,4,987.86,1
15063,1,370.8,0
15065,6,3135.98,3
15066,2,760.59,1
15067,3,1744.76,2
15068,2,553.36,1
15069,1,1109.53,1
15070,1,106.2,0
15071,2,982.07,1
15073,4,612.43,1
15074,1,748.87,1
15075,1,773.03,1
15076,1,880.85,1
15078,38,9623.35000000002,10
15079,5,893.66,1
15081,6,487.35,0
15083,1,88.2,0
15087,1,306.94,0
15088,3,1140.27,1
15089,6,2420.84,2
15090,1,381.32,0
15091,2,476.96,0
15092,2,457.81,0
15093,9,4410.14,4
15095,5,1364.7,1
15096,1,219.39,0
15097,1,248.08,0
15098,5,649.5,1
15099,1,410.48,0
15100,6,635.1,1
15101,3,310.03,0
15103,2,703.36,1
15104,3,1002.54,1
15105,7,2298.93,2
15106,7,1407.73,1
15107,8,247.66,0
15108,5,1291.75,1
15109,2,463.75,0
15110,7,970.25,1
15111,3,1567.48,2
15113,4,3439.41,3
15114,10,2760.56,3
15115,1,340.11,0
15116,4,1352.75,1
15117,6,1550.13,2
15118,1,244.8,0
15119,1,266.4,0
15120,2,343.82,0
15121,2,457.72,0
15122,6,1612.13,2
15123,2,2199.31,2
15124,2,184.19,0
15125,23,11117.05,11
15127,1,406.53,0
15128,8,1419.54,1
15129,11,3447.4,3
15130,1,330.11,0
15132,5,977.93,1
15133,3,982.42,1
15134,8,1387.99,1
15135,2,127.15,0
15136,5,1282.45,1
15139,2,178.96,0
15140,8,2350,2
15142,1,498.74,0
15143,1,259.45,0
15144,18,6530.04000000001,7
15145,4,1194.73,1
15146,3,1313.66,1
15147,2,608.65,1
15148,1,301.29,0
15149,1,520.8,1
15150,11,5303.97,5
15152,16,4684.24,5
15153,1,329.25,0
15154,2,240.27,0
15156,3,961.49,1
15157,5,1869.5,2
15158,1,401.4,0
15159,34,18573.68,19
15160,1,158.16,0
15163,2,304.47,0
15164,3,843.05,1
15165,1,487.75,0
15167,1,163,0
15168,1,106.56,0
15171,2,1034.5,1
15172,5,1624.05,2
15174,1,135.75,0
15175,1,224.14,0
15178,1,40.5,0
15179,7,2186.2,2
15180,1,87.5,0
15181,5,680.28,1
15182,2,622.85,1
15184,2,406.76,0
15185,1,310.62,0
15186,2,411.41,0
15187,18,4670.08,5
15189,53,15802.14,16
15192,3,1044.32,1
15193,1,499.32,0
15194,22,7521.17,8
15195,1,3861,4
15197,5,656.44,1
15198,2,193.64,0
15199,4,1268.7,1
15201,11,927.84,1
15203,6,1827.8,2
15204,1,316.58,0
15205,3,648.83,1
15206,4,420.3,0
15208,6,867.62,1
15210,1,331.18,0
15211,2,894.41,1
15212,2,88.95,0
15213,3,325.05,0
15214,8,1661.44,2
15215,6,615.99,1
15216,1,96.6,0
15218,11,5756.89,6
15219,1,305.75,0
15220,7,1758.92,2
15221,2,114.1,0
15222,1,585,1
15223,3,454.9,0
15224,3,310.48,0
15225,1,409.4,0
15226,1,154.41,0
15227,5,1219.4,1
15228,5,3376.96,3
15230,2,429.6,0
15232,2,612.06,1
15234,1,197,0
15235,12,2247.51,2
15236,1,321.05,0
15237,4,1412.32,1
15238,5,1056.54,1
15239,3,764.34,1
15240,7,1685.57,2
15241,9,1738.59,2
15243,1,316.68,0
15244,2,631.57,1
15245,3,2515.84,3
15246,2,514.15,1
15247,1,356,0
15249,15,6657.36000000001,7
15251,15,10327.11,10
15252,2,740.78,1
15253,6,915.3,1
15254,1,300.36,0
15255,1,890.85,1
15256,1,98.45,0
15257,2,232.15,0
15258,2,623.16,1
15260,8,1780.77,2
15261,1,254.82,0
15262,1,178.95,0
15263,1,156.51,0
15264,1,393.74,0
15265,2,1506.12,2
15266,1,119.3,0
15267,5,1717.36,2
15269,1,408.8,0
15270,9,2298.2,2
15271,16,2485.82,2
15272,2,721.94,1
15274,2,716.57,1
15275,2,609.19,1
15276,1,135.31,0
15277,1,255.9,0
15279,2,277.41,0
15280,1,113.12,0
15281,12,2239.95,2
15286,1,240.55,0
15287,3,485.24,0
15288,5,2306.52,2
15289,4,935.1,1
15290,21,7803.77,8
15291,20,4596.51,5
15292,1,180.94,0
15296,10,3610.31,4
15297,4,635.04,1
15298,14,3774.1,4
15299,11,3787.09,4
15300,1,496.44,0
15301,14,5028.12,5
15303,1,574.02,1
15304,10,680.3,1
15306,3,1174.35,1
15307,1,205.3,0
15308,2,302.27,0
15311,118,59419.3400000001,59
15312,5,921.1,1
15313,1,52,0
15314,1,327.97,0
15315,3,551.54,1
15316,1,165,0
15318,1,312.62,0
15319,1,204.5,0
15320,1,267.13,0
15321,4,2650.73,3
15322,2,602.97,1
15325,1,162.29,0
15326,1,311.71,0
15327,1,208.75,0
15329,5,1005.5,1
15330,2,714.96,1
15332,4,1661.06,2
15333,1,1028.56,1
15334,3,351.67,0
15335,1,173.97,0
15339,3,557.57,1
15341,1,2020.52,2
15342,2,391.76,0
15343,1,364.5,0
15344,5,476.58,0
15345,2,367.69,0
15346,1,252.42,0
15347,1,201.6,0
15348,1,158.04,0
15349,2,473.81,0
15350,1,115.65,0
15351,10,1862.14,2
15353,2,777.02,1
15355,2,277.05,0
15356,10,2766.5,3
15358,29,8234.79999999999,8
15360,1,427.93,0
15361,1,418.92,0
15363,2,318.05,0
15364,2,913.19,1
15365,9,1330.45,1
15366,2,602.51,1
15367,5,1867.69,2
15368,1,446.94,0
15369,1,-1592.49,-2
15370,8,2360.55,2
15372,1,2007.4,2
15373,13,2213.11,2
15374,1,168,0
15376,3,1233.36,1
15379,8,3631.89,4
15380,6,1682.36,2
15381,2,596.85,1
15382,8,5927.86,6
15384,3,635.76,1
15385,1,316.88,0
15386,1,394.14,0
15388,1,140.54,0
15389,1,500,1
15392,5,1515.73,2
15393,2,231.86,0
15394,4,2183.54,2
15395,1,107.45,0
15396,1,288.18,0
15397,1,94,0
15398,3,1339.63,1
15399,3,815.77,1
15400,6,666.7,1
15402,2,626.77,1
15405,1,349.1,0
15406,4,426.61,0
15407,4,1056.44,1
15408,1,267.18,0
15410,8,3450.84,3
15411,5,1346.38,1
15412,1,190.53,0
15414,3,774.9,1
15415,1,572.81,1
15416,5,3974.37,4
15417,1,508.8,1
15419,1,135.86,0
15421,4,950.36,1
15422,2,97.7,0
15423,1,43.5,0
15424,2,383.34,0
15426,7,1429.9,1
15427,3,1483.14,1
15428,1,93.78,0
15429,3,364.9,0
15432,1,171.19,0
15433,3,417.87,0
15434,6,997.48,1
15435,1,149.29,0
15436,3,1122.53,1
15437,1,200.16,0
15438,1,156.58,0
15440,3,383.68,0
15442,1,594,1
15443,8,3212.16,3
15444,2,1418.26,1
15445,1,113.5,0
15447,1,155.17,0
15448,1,494.64,0
15449,5,971.22,1
15450,1,429.84,0
15452,3,538.73,1
15453,7,1388.37,1
15454,1,179.1,0
15456,3,447.22,0
15457,1,237.07,0
15458,1,161.64,0
15460,1,216.76,0
15462,3,234.6,0
15463,1,126.14,0
15464,1,1048.85,1
15465,24,6945.02,7
15466,1,334.53,0
15467,4,511.88,1
15468,5,438.46,0
15469,4,504.5,1
15471,1,469.48,0
15472,1,371.56,0
15473,10,1465.2,1
15475,1,454.11,0
15478,2,1441.42,1
15480,1,905.5,1
15482,16,6568.72,7
15483,4,233.81,0
15484,5,3563.11,4
15485,3,2575,3
15488,1,91.32,0
15489,4,1090.03,1
15491,7,3090.85,3
15492,2,659.46,1
15493,7,1967.25000000001,2
15494,2,1299.23,1
15497,3,1259.7,1
15498,35,12396.46,12
15500,4,1131.56,1
15502,23,5541.46,6
15503,1,147.09,0
15504,1,52.83,0
15505,7,3497.14,3
15506,3,979.260000000001,1
15507,1,492.36,0
15508,6,1000.27,1
15510,1,250,0
15511,5,909.23,1
15512,2,121,0
15513,22,14520.08,15
15514,13,2963.19,3
15516,3,62.43,0
15517,1,267.03,0
15518,13,1911.89,2
15520,1,343.5,0
15521,13,2574.65,3
15522,2,398.84,0
15523,1,412.01,0
15524,1,440,0
15525,4,811.02,1
15526,2,148.44,0
15527,10,2348.82,2
15528,1,229.33,0
15529,12,3967.78,4
15530,4,1502.35,2
15531,2,2007.44,2
15532,6,1517.08,2
15533,5,746.92,1
15535,7,459.9,0
15537,1,110.92,0
15539,1,538.46,1
15540,1,213.3,0
15541,1,85.13,0
15543,1,127.86,0
15544,11,3542.51,4
15545,2,292.72,0
15547,14,4954.83999999999,5
15549,4,1655.76,2
15550,4,575.63,1
15551,1,436.06,0
15552,1,90.12,0
15553,1,437.23,0
15554,1,217.2,0
15555,20,4758.19999999999,5
15556,1,279.77,0
15557,1,473.65,0
15561,5,722.74,1
15562,1,134.55,0
15563,7,1319.69,1
15565,2,173.16,0
15567,1,186.01,0
15568,3,758.29,1
15569,5,1375.71,1
15570,13,4109.97,4
15571,4,650.43,1
15572,7,2552.86,3
15573,2,607.45,1
15574,4,702.25,1
15576,1,940.67,1
15577,3,258.88,0
15578,1,127.1,0
15579,2,348.6,0
15581,14,3429.97,3
15582,3,682.91,1
15584,5,722.61,1
15585,1,455.3,0
15587,4,913.68,1
15589,4,456.58,0
15590,1,-30.19,0
15592,1,388.58,0
15593,1,199.8,0
15594,6,1767.53,2
15596,9,1343.34,1
15597,2,315.72,0
15598,3,235.68,0
15599,2,761.74,1
15601,17,6745.36,7
15602,15,1083.63,1
15603,1,48.48,0
15604,1,216.39,0
15605,5,1198.23,1
15606,11,2422.64,2
15607,1,104.76,0
15608,4,1093.68,1
15609,2,270.03,0
15610,1,112.46,0
15611,15,1568.39,2
15612,2,195.15,0
15615,27,10360.04,10
15618,5,747.031,1
15619,1,336.4,0
15620,6,1524.4,2
15621,6,1158.77,1
15622,16,3224.53,3
15623,1,301.03,0
15624,4,588.13,1
15625,8,1504.56,2
15626,2,675.8,1
15628,10,2865.64,3
15630,3,1180.4,1
15632,10,3147.31,3
15634,1,243.55,0
15636,2,724.76,1
15637,1,223.36,0
15638,1,-94,0
15639,1,425.32,0
15640,17,12433.34,12
15641,4,1887.2,2
15643,6,647.4,1
15644,4,813,1
15645,1,612.01,1
15646,4,425.14,0
15648,4,599.9,1
15649,2,816,1
15651,3,646.3,1
15652,1,337.74,0
15653,2,877.44,1
15654,2,922.53,1
15655,2,511.32,1
15656,4,748.5,1
15657,1,30,0
15658,8,958.9,1
15659,1,306.45,0
15660,12,1552.01,2
15661,2,309.8,0
15663,1,138.14,0
15664,2,358.63,0
15665,2,2242.01,2
15667,1,301.32,0
15668,1,76.32,0
15669,5,677.69,1
15670,1,173.05,0
15671,10,2635.49,3
15673,4,2881.02,3
15674,8,1744.02,2
15675,3,323.69,0
15676,5,3324.09,3
15677,1,657.23,1
15678,1,352.7,0
15679,4,781.28,1
15680,3,1333.68,1
15681,6,946.36,1
15683,1,193.75,0
15687,11,2981.5,3
15689,2,254.1,0
15690,2,239.76,0
15691,1,136.8,0
15692,1,191.04,0
15694,15,6423.6,6
15695,2,409.98,0
15696,12,2644.46,3
15699,1,309.65,0
15700,3,664.03,1
15701,4,1542.14,2
15703,1,211.5,0
15704,4,2293.62,2
15705,1,143.1,0
15706,7,1001.81,1
15707,4,945.58,1
15708,11,3329.72,3
15709,1,133.25,0
15712,5,1072.36,1
15713,3,346.75,0
15714,2,330.88,0
15716,4,1118.81,1
15717,1,150.3,0
15719,14,5043.96,5
15720,1,598.73,1
15721,1,507.08,1
15722,6,2181.21,2
15723,1,203.1,0
15724,3,212.3,0
15725,1,415.25,0
15727,7,5178.96,5
15728,1,-134.8,0
15729,2,62,0
15730,4,1108.38,1
15732,2,294.12,0
15733,1,162.3,0
15734,2,1339.45,1
15737,12,1121.21,1
15738,19,4788.77,5
15739,1,449.12,0
15740,1,154.88,0
15743,4,784.46,1
15744,1,34.8,0
15745,6,1071.24,1
15746,2,182.96,0
15747,3,974.04,1
15748,1,149.31,0
15749,4,21535.9,22
15750,9,2451.23,2
15752,8,2628.93,3
15753,1,79.2,0
15754,4,455.67,0
15755,8,2318.88,2
15756,4,532.959999999999,1
15757,2,714.42,1
15758,1,205.25,0
15759,3,253.04,0
15762,2,583.75,1
15763,3,1048.67,1
15764,10,3245.47,3
15766,1,315.06,0
15768,4,581.83,1
15769,29,51823.72,52
15773,1,635.68,1
15774,1,270.8,0
15775,1,104.9,0
15776,1,241.62,0
15777,5,1021.61,1
15780,3,475.28,0
15781,4,333.56,0
15782,4,2593.94,3
15783,1,246.3,0
15785,8,2303.75,2
15786,5,4834.2,5
15787,3,948.05,1
15789,1,351.3,0
15790,1,220.85,0
15791,3,1604.44,2
15793,4,948.96,1
15795,1,610.01,1
15796,10,2666.61,3
15797,4,2207.4,2
15799,3,884.14,1
15800,2,699.08,1
15801,4,1042.19,1
15802,3,-451.42,0
15803,1,415.82,0
15804,19,3848.55,4
15805,20,5452.17,5
15806,3,784.58,1
15807,3,903.9,1
15808,5,3724.77,4
15809,6,399.21,0
15810,7,1145.43,1
15811,9,2171.32,2
15812,5,1801.14,2
15813,2,1303.91,1
15814,6,1842.73,2
15815,5,2100.6,2
15819,4,1905.45,2
15820,1,206.98,0
15821,2,570.96,1
15822,2,885.47,1
15823,2,-840.76,-1
15825,1,532.94,1
15826,4,1649.36,2
15827,20,1641.48,2
15829,2,636.14,1
15830,2,547.7,1
15831,4,747.76,1
15832,1,836.79,1
15834,6,2084.9,2
15835,4,954.09,1
15836,2,117.47,0
15837,1,391.98,0
15838,21,33350.76,33
15839,5,1020.74,1
15840,3,345.66,0
15841,6,1209.1,1
15843,1,118.95,0
15844,1,130.74,0
15845,10,3650.87,4
15847,2,389.27,0
15850,2,238.85,0
15852,2,160.71,0
15853,1,110.8,0
15854,12,2974.65,3
15855,5,712.24,1
15856,31,16173.67,16
15857,1,297,0
15858,5,1438.85,1
15860,8,977.209999999999,1
15861,9,3000.36,3
15862,4,832.88,1
15863,2,68.84,0
15864,8,1769.78,2
15865,3,895.13,1
15866,1,230.53,0
15867,16,3797.79,4
15869,2,149.64,0
15870,1,354.09,0
15872,2,360.93,0
15874,9,4330.67,4
15877,3,440.78,0
15880,2,313.28,0
15881,8,438.24,0
15882,5,495.36,0
15883,2,396.48,0
15885,3,379.35,0
15886,1,181.09,0
15888,2,141.27,0
15889,2,446.87,0
15891,1,524.52,1
15894,2,263.55,0
15895,1,179.17,0
15897,2,222.05,0
15898,6,1384.68,1
15899,1,56.25,0
15900,1,351.11,0
15901,3,363.88,0
15903,8,5126.34,5
15904,1,164.68,0
15906,8,1521.79,2
15907,3,967.45,1
15909,1,191.94,0
15910,8,1232.18,1
15912,2,264.62,0
15916,10,1491.24,1
15917,1,123.1,0
15918,2,334.23,0
15919,2,639.89,1
15920,4,167.5,0
15921,1,336.03,0
15922,2,363.6,0
15923,1,127.08,0
15925,1,207.15,0
15930,1,426.63,0
15932,11,2461.85,2
15933,3,1107.46,1
15935,2,416.86,0
15937,1,145.35,0
15938,5,404.58,0
15939,16,6102.26,6
15940,2,31.8,0
15942,1,337.44,0
15944,1,325.1,0
15945,1,181,0
15947,1,1708.24,2
15948,2,955.24,1
15949,2,364.72,0
15950,5,1705.26,2
15951,3,669.57,1
15952,4,806.57,1
15953,10,1634.53,2
15955,16,4389.81,4
15957,1,428.89,0
15958,1,104.35,0
15963,2,470.76,0
15965,4,845.64,1
15967,2,418.83,0
15969,4,582.9,1
15970,1,314.1,0
15971,12,4199.85,4
15973,3,99.77,0
15974,8,3429.55,3
15975,1,371.01,0
15976,2,430.94,0
15977,2,1054.73,1
15978,1,1098.78,1
15980,3,2398.86,2
15981,8,3408.48,3
15983,4,1475.02,1
15984,11,2816.97,3
15985,3,1037.42,1
15986,1,168.12,0
15987,7,1451.28,1
15988,1,158.03,0
15990,2,792.11,1
15992,1,41.99,0
15993,10,2756.82,3
15994,1,427.07,0
15996,7,1044.78,1
15998,6,3084.17,3
16000,3,12393.7,12
16003,5,2735.37,3
16005,4,615.389999999999,1
16006,1,101.4,0
16007,4,1701.94,2
16008,3,478.78,0
16009,4,992.71,1
16010,3,407.5,0
16011,16,3362.71,3
16012,3,1415.29,1
16013,54,33366.25,33
16014,4,653.13,1
16015,4,690.54,1
16016,10,1483.31,1
16017,1,211.88,0
16018,2,408.9,0
16019,10,3450.24,3
16020,3,851.01,1
16022,1,628.28,1
16023,3,719.81,1
16024,1,251.24,0
16025,1,439.66,0
16026,1,236.09,0
16027,7,852.12,1
16029,76,50992.61,51
16030,1,331.24,0
16031,2,548.94,1
16033,27,8727.60999999999,9
16034,3,437.7,0
16036,2,758.919999999999,1
16037,3,855.02,1
16038,4,454.33,0
16040,3,1313.55,1
16041,3,3166.4,3
16042,7,1147.37,1
16043,4,773.99,1
16045,4,1340.7,1
16048,3,243.69,0
16049,3,1111.79,1
16050,1,137.9,0
16052,1,362.06,0
16053,2,1511.95,2
16054,1,783.9,1
16055,1,134.8,0
16056,1,664.85,1
16057,10,2140.22,2
16059,6,1459.86,1
16061,1,-29.95,0
16062,4,1153.62,1
16063,1,335.32,0
16065,1,372.09,0
16066,5,1521.87,2
16070,2,852.15,1
16071,1,326.24,0
16072,1,584.32,1
16073,2,94.35,0
16076,11,2173.53,2
16078,1,79.2,0
16079,3,1352,1
16080,3,176.6,0
16081,5,2806.9,3
16083,2,1317.62,1
16084,1,436.18,0
16085,5,981.51,1
16086,6,1119.31,1
16091,2,315.06,0
16092,5,779.36,1
16093,1,17,0
16094,6,1041.83,1
16096,1,320.62,0
16097,1,185.05,0
16098,7,2005.63,2
16099,3,731.9,1
16101,3,1245.96,1
16102,3,1842.14,2
16103,6,1429.64,1
16104,1,302.36,0
16105,1,336.96,0
16106,1,108.38,0
16107,7,3204.16,3
16108,2,816.1,1
16109,2,611.88,1
16110,3,1337.48,1
16112,4,195.74,0
16113,1,161.38,0
16114,1,135.75,0
16115,8,1667.97,2
16116,2,592.88,1
16117,1,232.21,0
16119,2,423.36,0
16120,5,1294.14,1
16121,2,867.11,1
16122,4,684.42,1
16123,1,307.78,0
16124,2,187.15,0
16125,1,289.35,0
16126,4,6287.77,6
16127,1,656.25,1
16128,5,1880.22,2
16131,6,3506.54,4
16133,46,14305.66,14
16134,3,603.69,1
16135,1,517.55,1
16136,3,709.38,1
16138,1,-7.95,0
16139,3,635.41,1
16140,4,703.77,1
16141,1,620.4,1
16142,1,535.34,1
16143,7,2419.84,2
16144,1,175.2,0
16145,18,3741.98,4
16146,3,734.13,1
16147,1,375,0
16148,1,76.32,0
16149,2,280.52,0
16150,10,1906.07,2
16152,1,1829.04,2
16153,5,1824.23,2
16156,13,3024.62,3
16157,4,644.24,1
16159,1,348.2,0
16160,4,1009.45,1
16161,26,5352.97,5
16162,1,37.4,0
16163,3,441.6,0
16164,4,802.53,1
16168,28,3770.6,4
16169,4,1822.97,2
16170,7,1880.42,2
16171,1,73.2,0
16172,5,1140.21,1
16173,7,1406.57,1
16174,3,1009.55,1
16175,4,1037.59,1
16177,1,331.95,0
16178,1,197.9,0
16179,1,215.83,0
16180,10,10217.48,10
16181,1,305.54,0
16182,4,6617.65,7
16183,1,338.71,0
16184,7,1155.54,1
16185,2,529.41,1
16186,13,3991.94,4
16187,17,6841.24,7
16188,4,981.86,1
16189,2,215.48,0
16190,1,215.08,0
16191,25,4913.32,5
16193,1,314.45,0
16198,1,400.681,0
16200,2,1080.62,1
16201,5,1821.52,2
16202,1,365.27,0
16203,5,589.15,1
16204,1,405.71,0
16205,4,761.38,1
16206,4,537.06,1
16207,1,394.38,0
16208,2,664.26,1
16209,5,2262.62,2
16210,18,21086.3,21
16211,2,542.77,1
16212,3,681.19,1
16213,1,159,0
16214,3,1062.75,1
16215,1,242.35,0
16216,1,914.93,1
16217,4,259.39,0
16218,8,3054.87,3
16221,3,864.86,1
16222,1,846.720000000001,1
16224,4,1295.3,1
16225,5,1096.32,1
16226,3,255.12,0
16227,2,308.32,0
16229,2,1010.6,1
16230,2,542.03,1
16232,5,983.23,1
16233,5,422.13,0
16235,6,858.41,1
16236,1,432.2,0
16239,3,372.9,0
16240,5,3693.81,4
16241,13,2607.87000000001,3
16242,8,3598.26,4
16243,2,409.1,0
16244,2,1522.75,2
16245,5,1352.36,1
16247,1,114.56,0
16248,1,152.94,0
16249,5,1800.07,2
16250,2,389.44,0
16252,1,-295.09,0
16253,3,3665.62,4
16255,10,2609.3,3
16256,2,732.63,1
16257,1,46.95,0
16258,5,5203.51,5
16260,1,1035.45,1
16261,4,746.83,1
16262,1,-31.65,0
16265,11,5423.15,5
16266,7,861.89,1
16268,2,667.65,1
16270,1,1141.24,1
16271,6,1423.29,1
16272,1,411.7,0
16274,1,357.95,0
16275,1,559.87,1
16276,1,810.6,1
16278,3,537.83,1
16279,4,1496.68,1
16281,1,2062.06,2
16282,1,168.3,0
16283,7,1531.51,2
16284,2,823.97,1
16287,1,142.5,0
16292,2,280.9,0
16293,12,2236.74,2
16295,4,1328.55,1
16297,4,275.4,0
16298,3,598.2,1
16302,2,212.82,0
16303,4,5305.83,5
16305,1,361.22,0
16306,9,602.27,1
16308,4,2560,3
16309,3,686.67,1
16311,2,616.26,1
16313,2,274.15,0
16315,1,226.37,0
16316,12,2755.56,3
16317,3,1341.65,1
16318,1,328.15,0
16319,1,404.4,0
16320,2,1038.46,1
16321,7,230.7,0
16322,2,326.75,0
16323,1,207.5,0
16324,3,428.68,0
16325,5,510.54,1
16326,15,3085.96,3
16327,6,3844.22,4
16330,4,242.21,0
16332,8,1583.2,2
16333,22,26626.8,27
16337,1,151.05,0
16338,1,214.8,0
16339,1,109.95,0
16340,1,549.07,1
16341,6,1959.38,2
16342,4,322.41,0
16343,2,370.48,0
16344,1,101.1,0
16345,1,575.41,1
16347,2,887.65,1
16348,7,1469.45,1
16349,1,53.5,0
16350,5,1100.47,1
16351,1,153.9,0
16352,2,494.44,0
16353,23,6675.71,7
16354,2,395.8,0
16356,4,210.32,0
16357,3,658.88,1
16358,5,2024.95,2
16359,12,1460.37,1
16360,8,3411.69,3
16361,4,896.66,1
16362,9,652.07,1
16363,1,109.36,0
16364,2,707.04,1
16365,9,1540.42,2
16366,1,327.3,0
16367,2,804.49,1
16368,2,497.43,0
16369,3,1553.66,2
16370,4,1320.56,1
16372,2,367.93,0
16374,2,473.03,0
16376,3,977.520000000001,1
16377,1,676.2,1
16378,3,362.95,0
16379,5,2131.9,2
16380,1,1780.59,2
16383,2,668.36,1
16384,2,584.5,1
16385,3,555.89,1
16386,2,317.2,0
16387,1,94.36,0
16389,5,1362.27,1
16392,1,221.19,0
16393,20,2941.05,3
16394,9,1412.06,1
16395,5,1486.9,1
16398,4,1631.15,2
16399,2,408.57,0
16400,1,303.93,0
16401,20,4061.24,4
16402,2,299.6,0
16403,2,161.05,0
16404,1,443.05,0
16405,2,167.25,0
16406,1,163.07,0
16407,10,2126.93,2
16409,5,2028.88,2
16411,2,214.65,0
16412,1,151.83,0
16413,1,262.2,0
16414,2,126.25,0
16415,1,210.35,0
16416,4,1026.99,1
16418,3,675.27,1
16419,7,959.48,1
16422,75,33805.69,34
16423,1,346.12,0
16424,2,82.56,0
16425,1,302.7,0
16426,10,1908.25,2
16427,2,241.06,0
16428,1,-2.95,0
16429,1,284.55,0
16430,1,300.85,0
16431,3,642.81,1
16432,1,287.4,0
16433,1,184.26,0
16434,7,1522.25,2
16438,5,798.35,1
16440,5,3640.67,4
16441,2,381.2,0
16442,3,616.79,1
16444,5,638.77,1
16445,1,230.51,0
16446,3,2.89999999999418,0
16447,1,259.01,0
16448,1,188.89,0
16449,3,674.69,1
16450,1,311.92,0
16451,1,266.97,0
16454,3,-8.15,0
16455,7,1841.18,2
16456,5,2158.37,2
16457,1,208.36,0
16458,18,3482.74,3
16460,3,814.72,1
16461,1,151.42,0
16462,4,102,0
16463,7,1383.7,1
16464,3,1314.68,1
16466,7,1603.46,2
16468,1,74.9,0
16469,4,650.43,1
16470,5,757.44,1
16471,1,223.95,0
16473,4,314.86,0
16474,11,1811.47,2
16475,4,544.3,1
16477,7,2494.46,2
16478,3,331,0
16479,2,300.83,0
16480,1,769.29,1
16482,1,220.62,0
16483,1,139.35,0
16484,3,379.4,0
16485,1,363.65,0
16488,4,492.2,0
16491,1,731.5,1
16493,6,1329.66,1
16494,1,826.53,1
16495,3,684.41,1
16496,4,1562.22,2
16497,6,2965.69,3
16498,3,86.12,0
16499,5,319.1,0
16500,6,400.86,0
16503,5,1421.43,1
16504,1,484.38,0
16505,1,777.6,1
16506,2,90.3,0
16509,1,363.7,0
16510,1,248.1,0
16511,3,950.26,1
16513,4,874.59,1
16515,5,1627.13,2
16516,1,101.7,0
16517,1,162.7,0
16518,3,480.92,0
16519,2,215.08,0
16520,4,1036.62,1
16523,28,9295.67000000001,9
16525,29,11895.57,12
16526,1,290.36,0
16527,1,228.06,0
16528,1,244.41,0
16529,1,455.25,0
16531,7,1244.59,1
16532,3,6748.8,7
16533,5,1026.94,1
16535,1,593.75,1
16536,2,539.02,1
16539,4,1388.81,1
16542,1,119.62,0
16545,1,339.3,0
16546,3,-95.9299999999999,0
16549,10,4154.63999999999,4
16550,9,2266.25,2
16551,3,922.12,1
16552,2,379.73,0
16553,14,5664.57,6
16554,7,641.55,1
16555,2,285.89,0
16556,7,3313.79,3
16557,2,281.85,0
16558,24,8257.04000000001,8
16560,3,816.51,1
16561,2,511.12,1
16563,1,1077.74,1
16565,1,173.7,0
16566,6,614.01,1
16567,2,865.6,1
16569,1,124.2,0
16570,15,3622.95,4
16571,5,1285.22,1
16572,4,999.7,1
16573,4,648.41,1
16574,1,451.44,0
16579,1,-30.6,0
16581,2,70.44,0
16582,1,313.62,0
16583,1,233.45,0
16584,3,908.03,1
16586,1,463.95,0
16587,1,225.15,0
16589,3,459.24,0
16591,1,213.5,0
16592,19,4073.28,4
16593,3,330.03,0
16594,1,181.09,0
16595,1,360.16,0
16596,2,250.15,0
16597,1,90.04,0
16598,2,140.7,0
16600,6,813.52,1
16601,1,244.8,0
16602,2,494.73,0
16603,2,482.47,0
16607,16,3038.67,3
16609,9,5450.96000000001,5
16610,1,75.66,0
16611,2,120.99,0
16612,4,1187.66,1
16613,1,618.59,1
16614,1,506.19,1
16616,2,500.42,1
16617,1,151.85,0
16618,6,2630.64,3
16619,2,204.41,0
16620,2,178.96,0
16621,4,813.48,1
16623,1,129.45,0
16624,2,810.57,1
16625,1,333.08,0
16626,20,4379.65,4
16627,1,322.8,0
16628,6,2183.04,2
16629,2,417.73,0
16633,7,2878.15,3
16634,2,217.9,0
16637,5,1124.59,1
16638,11,1676.47,2
16639,4,1169.38,1
16641,1,231.1,0
16642,3,679.83,1
16643,1,487.51,0
16644,2,833.78,1
16647,2,214.06,0
16648,2,270.86,0
16650,1,518.42,1
16652,11,6654.26,7
16653,3,1166.92,1
16654,5,594.97,1
16655,6,3794.52,4
16656,21,8568.24,9
16657,4,933.62,1
16658,1,123.24,0
16659,1,39.12,0
16660,5,810.45,1
16665,1,135.4,0
16666,1,118.98,0
16667,2,570.13,1
16668,6,306.72,0
16669,4,1370.87,1
16670,17,4022.46,4
16671,3,1692.27,2
16672,23,8093.59,8
16674,2,319.61,0
16676,5,1558.72,2
16678,17,3013.83,3
16679,1,129.75,0
16680,1,183.7,0
16681,6,1770.34,2
16682,5,1028,1
16684,31,65892.08,66
16685,2,324.24,0
16686,9,3043.48,3
16688,4,1260.86,1
16689,3,303.26,0
16690,3,208.63,0
16692,2,1276,1
16693,2,482.01,0
16696,4,657.9,1
16697,1,112.75,0
16698,2,1998,2
16700,17,5040,5
16701,18,5150.27,5
16705,29,13946.13,14
16706,3,531.35,1
16708,1,656.63,1
16709,5,3029.87,3
16710,10,2483.04,2
16711,5,1651.03,2
16712,11,3645.43,4
16713,21,6840.23000000001,7
16714,4,911.529999999999,1
16715,1,301.72,0
16716,3,319.8,0
16717,9,3278.36,3
16718,1,623.75,1
16719,8,1773.92,2
16720,1,155.24,0
16721,1,292.47,0
16722,16,4711.21,5
16723,2,589.15,1
16725,8,775.07,1
16726,5,1382.02,1
16727,1,272.82,0
16728,4,1054.67,1
16729,26,7076.27999999999,7
16730,4,702.79,1
16732,1,603.75,1
16734,3,650.51,1
16735,7,2269.21,2
16737,1,417.6,0
16738,1,3.75,0
16739,2,312.55,0
16742,2,0,0
16743,8,2191.84,2
16744,7,1304.76,1
16745,18,7170.70000000001,7
16746,19,6694.31000000001,7
16747,4,826.96,1
16748,5,1515.9,2
16750,5,623.93,1
16751,1,1764.72,2
16752,1,207.5,0
16753,1,223.92,0
16754,1,2002.4,2
16755,5,1484.63,1
16756,1,239.4,0
16757,1,106.83,0
16758,1,369.34,0
16759,4,772.84,1
16761,1,316.62,0
16762,3,1501.38,2
16763,2,594.9,1
16764,18,2758.25,3
16765,1,34,0
16766,2,1145.6,1
16767,11,5580.6,6
16768,5,458.04,0
16769,1,380.39,0
16770,6,744.9,1
16771,5,2246.81,2
16773,1,171.59,0
16774,5,654.92,1
16775,11,1695.66,2
16776,1,388.28,0
16777,2,226.35,0
16778,2,245.94,0
16779,28,10454.05,10
16780,2,425.19,0
16781,2,294.65,0
16782,19,2242.25,2
16784,1,107.6,0
16788,2,597.48,1
16789,1,80.8,0
16790,8,1520.12,2
16791,8,1706.28,2
16792,2,110.38,0
16793,1,243.84,0
16794,12,1201.51,1
16795,1,414.88,0
16796,1,305.62,0
16800,1,1201.49,1
16801,5,867.83,1
16803,1,332.3,0
16804,3,536.99,1
16805,2,460.59,0
16806,4,801.49,1
16807,3,1121.59,1
16808,2,288.42,0
16809,6,912.74,1
16810,2,275.64,0
16811,2,547.07,1
16812,1,479.35,0
16813,10,1692.98,2
16814,22,6500.6,7
16816,4,417.06,0
16817,13,1446.95,1
16818,13,3317.97,3
16820,1,497.61,0
16823,1,358.38,0
16824,2,460.64,0
16825,2,775.18,1
16826,1,341.7,0
16828,2,128.5,0
16829,1,197.22,0
16830,1,325.91,0
16832,3,199.15,0
16833,4,1106.53,1
16834,1,413.46,0
16835,2,180.85,0
16836,2,251.87,0
16837,12,3167.73,3
16838,3,582.9,1
16839,39,15357.78,15
16841,7,1774.62,2
16842,4,1260.44,1
16843,17,10183.82,10
16846,1,214.32,0
16847,1,193.44,0
16848,1,281.42,0
16849,1,124.57,0
16850,1,332.41,0
16851,3,342.45,0
16852,2,144.91,0
16855,2,328.4,0
16856,1,35.4,0
16858,2,345.89,0
16859,5,473.14,0
16861,3,151.65,0
16863,4,481.35,0
16866,3,207.74,0
16869,5,805.62,1
16871,7,2761.49,3
16872,3,680.02,1
16873,10,7066.31,7
16875,9,2023.47,2
16877,6,853.72,1
16878,2,0,0
16880,7,1519.08,2
16881,1,432,0
16882,3,705.12,1
16883,2,276.73,0
16884,2,429.84,0
16885,3,471.51,0
16887,1,194.88,0
16889,3,1578.67,2
16891,5,809.7,1
16892,7,496.84,0
16893,1,145.93,0
16895,1,219.14,0
16897,3,213.03,0
16898,4,444.46,0
16899,6,1281.56,1
16900,5,187.69,0
16902,1,1706.88,2
16903,1,373.24,0
16904,16,3754.27,4
16905,8,3085.48,3
16906,4,579.77,1
16907,5,981.65,1
16909,2,364.14,0
16910,8,1510.06,2
16912,14,2528.67,3
16913,1,113.44,0
16914,1,208.46,0
16915,6,621.68,1
16916,2,576.26,1
16917,1,391.52,0
16918,7,1043.34,1
16919,11,2596.45,3
16921,1,169.79,0
16923,26,6666.82999999999,7
16924,4,739.5,1
16926,1,230.25,0
16927,3,543.05,1
16928,19,2781.5,3
16929,7,1295.39,1
16930,3,380.55,0
16931,21,4604.21999999999,5
16932,1,161.94,0
16933,5,530.08,1
16934,2,950.93,1
16936,1,262.68,0
16938,5,1903.13,2
16940,3,3049.88,3
16942,10,1894.11,2
16943,3,816.73,1
16945,19,4345.50000000001,4
16947,1,406.48,0
16948,3,435.02,0
16949,7,1161.27,1
16950,3,1178.56,1
16951,4,1262.75,1
16952,2,167.61,0
16953,1,20.8,0
16954,9,2085.08,2
16955,5,493.67,0
16956,2,292.34,0
16957,2,416.64,0
16959,1,117.35,0
16960,3,507.05,1
16961,1,234.17,0
16963,1,110.55,0
16965,1,201.19,0
16966,10,2148.47,2
16967,1,319.02,0
16968,2,439.43,0
16969,3,650.41,1
16971,2,232.21,0
16976,1,251.52,0
16978,1,344.33,0
16979,8,1809.05,2
16980,2,1078.96,1
16982,1,384.06,0
16983,8,1920.2,2
16984,5,4392.42,4
16985,11,5461.62,5
16986,2,1873.2,2
16987,7,1625.05,2
16988,1,126.12,0
16989,6,1133.25,1
16990,1,179,0
16992,6,1601.86,2
16995,1,-1.25,0
16996,9,1427.46,1
16997,3,702,1
16998,6,287.02,0
16999,2,484.82,0
17001,11,3989.57,4
17002,4,1487.78,1
17004,2,1412.94,1
17006,4,781.78,1
17007,7,877.43,1
17010,2,185.46,0
17011,1,270.9,0
17014,4,565.58,1
17015,3,1842.56,2
17017,27,8574.11,9
17018,2,920.1,1
17019,4,1272.61,1
17022,1,71,0
17024,3,95.85,0
17025,3,357.77,0
17026,2,154.83,0
17027,7,848.59,1
17029,2,716,1
17030,1,146.87,0
17031,2,380.35,0
17033,3,1030.14,1
17034,4,734.57,1
17035,3,388.33,0
17037,2,1253.22,1
17038,1,112.4,0
17040,1,449.73,0
17041,4,1065.77,1
17042,5,1044.38,1
17043,4,1735.18,2
17044,3,897.43,1
17045,3,339.44,0
17046,1,642.02,1
17047,3,1100.9,1
17048,6,864.32,1
17049,11,5594.78000000001,6
17050,6,3228.84,3
17051,1,247.14,0
17052,1,413.75,0
17053,2,496.38,0
17054,6,1353.83,1
17058,3,1179.89,1
17059,5,3095.04,3
17060,1,234.24,0
17061,12,5116.13,5
17062,5,534.47,1
17063,11,1421.59,1
17064,3,859.35,1
17065,1,-112.35,0
17068,22,4531.34,5
17069,13,2655.22,3
17070,1,312.14,0
17071,14,2385.48,2
17073,4,1446.09,1
17075,5,813.77,1
17076,3,841.08,1
17078,2,378.2,0
17079,1,118.8,0
17080,3,285.5,0
17081,2,290.16,0
17082,2,2003.85,2
17083,3,1405.78,1
17084,2,2949.75,3
17085,6,1555.05,2
17086,6,2050.08,2
17088,4,1991.01,2
17090,8,2041.85,2
17091,10,3802.81,4
17092,4,1777.78,2
17094,2,270.2,0
17095,6,1088.2,1
17096,7,992.68,1
17097,9,937.92,1
17100,2,971.74,1
17101,4,1621.73,2
17102,1,25.5,0
17105,2,665.78,1
17107,7,10380.43,10
17109,8,869.68,1
17110,1,163.3,0
17111,1,248.61,0
17114,10,747.22,1
17115,5,806.9,1
17117,1,116.2,0
17118,1,157.02,0
17119,3,593.61,1
17120,1,307.46,0
17122,1,138.32,0
17123,1,345.3,0
17124,1,298.89,0
17125,1,259.35,0
17126,7,991.85,1
17128,1,157.09,0
17131,5,2463.17,2
17133,7,4892.24,5
17134,2,425,0
17135,7,1139.73,1
17138,1,380.5,0
17139,15,10585.57,11
17140,1,465.32,0
17142,1,579,1
17144,2,984.57,1
17146,3,749.78,1
17147,6,1679.64,2
17148,1,124.88,0
17152,4,1503.5,2
17153,1,213.78,0
17154,1,329.34,0
17155,2,251.7,0
17157,3,306.55,0
17158,3,1266.97,1
17159,4,1534.73,2
17160,6,3518.03,4
17162,11,1707.21,2
17163,2,293.1,0
17164,8,2466.4,2
17165,1,158.68,0
17166,3,189.49,0
17169,4,816.880000000001,1
17171,1,224.91,0
17172,2,313.26,0
17173,9,3755.65,4
17174,1,59.9,0
17175,5,1430.94,1
17176,1,306.13,0
17179,3,711.79,1
17180,6,780.38,1
17181,2,239.92,0
17183,8,3286.91,3
17186,2,144,0
17187,1,203.95,0
17188,9,2275.58,2
17189,2,384.4,0
17190,3,249.74,0
17191,7,2095.13,2
17193,9,1674.46,2
17194,2,262.62,0
17197,1,1013.01,1
17198,3,692.22,1
17201,1,342.63,0
17203,6,3563.85,4
17204,9,1352.91,1
17205,1,384.08,0
17206,1,204.24,0
17211,9,2299.67,2
17212,1,226.85,0
17213,11,2741.08,3
17214,7,984.12,1
17217,1,113.5,0
17218,10,1960.72,2
17219,1,114.23,0
17220,14,3198.25,3
17221,2,335.13,0
17222,1,354.15,0
17223,2,426.79,0
17226,1,393.49,0
17227,6,939.32,1
17228,8,1906.09,2
17229,2,318.76,0
17230,11,3466.67,3
17231,14,3127.82,3
17232,2,421.52,0
17233,1,190.88,0
17234,1,149.89,0
17235,2,550.06,1
17236,6,916.13,1
17237,2,314.69,0
17238,17,3744.65,4
17239,2,379.95,0
17242,2,1135.04,1
17243,30,8628.55,9
17244,1,954.9,1
17245,1,171.45,0
17247,1,282.19,0
17248,1,318.65,0
17250,2,384.52,0
17251,1,283.28,0
17252,2,353.86,0
17253,1,178.26,0
17254,2,272.44,0
17255,2,298.41,0
17256,2,240,0
17259,2,603.37,1
17262,5,1253.36,1
17263,1,63.44,0
17265,2,562.9,1
17266,3,310.64,0
17267,2,317.62,0
17268,4,763.64,1
17272,5,2144.53,2
17274,1,111.98,0
17277,2,1065.35,1
17278,1,246.04,0
17279,1,187.83,0
17282,3,1703.41,2
17284,7,1641.68,2
17286,1,153.92,0
17287,7,1064.11,1
17288,7,1419.73,1
17289,4,936.16,1
17290,2,525.24,1
17291,1,550.8,1
17293,9,1875.11,2
17295,3,556.95,1
17297,1,131.78,0
17298,2,498.42,0
17299,4,669.11,1
17301,1,197.63,0
17302,6,1119.93,1
17303,1,250.04,0
17306,21,8600.73,9
17307,1,-152.64,0
17309,1,82.75,0
17311,2,1384.85,1
17312,3,644.3,1
17313,2,2288.13,2
17314,11,2514.76,3
17315,43,6204.46,6
17317,5,2524.02,3
17320,3,1200.62,1
17321,2,700.86,1
17323,9,908.990000000001,1
17324,4,990.23,1
17325,1,96.8,0
17329,2,523.11,1
17330,2,363.9,0
17331,1,175.2,0
17333,1,494.25,0
17334,3,306.6,0
17337,7,1944.32,2
17338,10,6612.18,7
17339,2,243.36,0
17340,16,11891.18,12
17341,3,781.36,1
17343,1,193.64,0
17344,1,160.57,0
17345,4,537.74,1
17346,16,2611.58,3
17347,1,228.96,0
17348,5,1159.52,1
17349,1,110.75,0
17350,5,1256.19,1
17351,3,587.15,1
17353,2,1740,2
17354,1,1393.06,1
17356,1,178.22,0
17357,2,388.14,0
17358,2,365.85,0
17359,1,127.86,0
17360,3,585.79,1
17361,3,488.2,0
17362,2,312.23,0
17364,12,4455.73,4
17365,8,4801.56,5
17367,1,168.4,0
17368,9,1349.52,1
17370,4,446.18,0
17371,3,423.89,0
17372,8,1342.68,1
17373,4,646.92,1
17374,2,495.77,0
17375,4,372.5,0
17376,2,203.2,0
17377,21,3925.92,4
17379,1,404.66,0
17381,30,20272.43,20
17382,1,65.4,0
17383,1,199.29,0
17384,2,336.4,0
17385,1,261.11,0
17386,6,2686.42,3
17387,2,784.11,1
17388,4,1259.56,1
17389,43,31300.08,31
17391,2,508.8,1
17392,2,457.91,0
17394,1,203.87,0
17396,8,7330.8,7
17397,2,696.41,1
17398,3,653.38,1
17400,5,2129.96,2
17402,13,2633.85,3
17403,1,281.62,0
17404,18,30300.82,30
17405,5,967.22,1
17406,5,1928.72,2
17408,1,32.65,0
17409,2,771.85,1
17410,5,1214.72,1
17411,4,748.94,1
17412,7,1258.06,1
17414,2,778,1
17415,1,507.84,1
17416,9,6838.34,7
17418,2,463.46,0
17419,14,4200.97,4
17420,3,598.83,1
17422,10,1853.13,2
17423,4,663.63,1
17425,2,759.17,1
17426,7,5022.26,5
17427,1,100.8,0
17428,33,17078.45,17
17429,4,512.12,1
17430,2,265.76,0
17431,1,403.3,0
17432,2,365.76,0
17433,1,303.16,0
17434,9,2333.42,2
17436,2,216.3,0
17438,2,378.3,0
17440,5,177.1,0
17442,10,2210.26,2
17443,1,534.24,1
17444,3,2940.04,3
17446,2,120.9,0
17447,2,541.53,1
17448,1,-4287.63,-4
17449,8,2504.86,3
17450,55,187482.17,187
17451,10,1648.95,2
17453,2,486.72,0
17454,4,517.53,1
17455,1,131.7,0
17456,1,249.86,0
17457,5,1737.7,2
17458,1,316.5,0
17459,2,657.3,1
17460,8,452.63,0
17461,3,757.46,1
17462,3,662.94,1
17463,6,1881.36,2
17464,1,289.96,0
17466,2,763.28,1
17468,2,137,0
17469,6,1843.06,2
17470,5,1125.07,1
17472,3,710.29,1
17475,1,194.37,0
17480,2,506.51,1
17481,5,1249.34,1
17483,3,414.04,0
17486,1,396.87,0
17489,2,376.64,0
17490,11,1926.88,2
17491,11,3541.92,4
17492,1,374.57,0
17495,2,497.56,0
17496,1,271.05,0
17498,1,272.22,0
17499,1,622.88,1
17500,3,1138,1
17501,2,288.6,0
17502,4,689.1,1
17503,2,558.96,1
17504,10,2745.28,3
17505,2,1145.84,1
17506,2,294.29,0
17507,2,605.58,1
17508,1,387.31,0
17509,11,6100.74,6
17510,1,308.48,0
17511,46,88125.38,88
17512,11,2920.04,3
17513,1,513.2,1
17514,1,208.65,0
17515,4,639.02,1
17516,5,768.08,1
17517,1,153.94,0
17519,7,1839.07,2
17520,1,546.81,1
17521,4,721.96,1
17522,5,1070.71,1
17523,4,652.74,1
17524,1,145,0
17525,1,422.7,0
17526,8,706.7,1
17527,6,888.86,1
17528,11,3540.1,4
17530,10,2385,2
17531,2,293.45,0
17534,1,223.36,0
17535,1,164.4,0
17536,1,76.5,0
17537,2,897.62,1
17538,1,98.42,0
17540,3,570.4,1
17542,1,170.75,0
17545,3,645.96,1
17547,1,-11.8,0
17548,3,-141.48,0
17549,2,148.86,0
17550,3,267.16,0
17551,1,306.84,0
17552,6,909.96,1
17553,1,1487.6,1
17554,5,1952.45,2
17555,2,483.26,0
17556,1,157.9,0
17557,3,541.46,1
17560,5,854.95,1
17561,1,167.62,0
17562,8,1107.38,1
17564,3,454.01,0
17566,2,901.210000000001,1
17567,10,4012.56,4
17569,1,344.14,0
17571,4,1498.51,1
17572,4,226.75,0
17573,4,362.9,0
17574,1,185.65,0
17576,22,3457.78,3
17578,2,124.74,0
17579,4,440.2,0
17580,3,215.72,0
17581,31,10736.11,11
17582,1,175.27,0
17584,3,1227.3,1
17585,4,1133.07,1
17588,3,1240.2,1
17589,4,2404.17,2
17590,3,1479.22,1
17591,8,2215.02,2
17593,6,3911.56,4
17594,2,993.18,1
17595,2,388.79,0
17596,7,2827.93,3
17597,1,2044.37,2
17600,1,161.67,0
17601,1,116.01,0
17602,8,5050.77,5
17603,5,-1165.3,-1
17604,2,309.36,0
17608,2,193.42,0
17609,6,1103.92,1
17611,19,3947.87,4
17612,10,1992.76,2
17613,17,4509.37,5
17614,1,390.07,0
17615,3,329.6,0
17616,3,571.2,1
17618,3,971.58,1
17619,1,218.52,0
17620,1,81.44,0
17621,4,1336.1,1
17623,1,527.05,1
17624,2,843.48,1
17625,4,2047,2
17628,1,75.75,0
17629,9,1784.12,2
17630,2,503.6,1
17631,3,528.33,1
17633,6,1242.34,1
17634,9,2361.97,2
17636,2,265.93,0
17637,2,547.06,1
17639,1,108.5,0
17640,1,621.66,1
17642,2,712.29,1
17643,1,101.55,0
17644,17,2768.98,3
17646,4,995.66,1
17647,1,133.06,0
17648,5,1789.55,2
17649,2,861.74,1
17650,1,166.08,0
17651,14,3886.67,4
17652,18,4737.13,5
17653,5,1175.88,1
17654,1,117.55,0
17655,8,2571.74,3
17656,5,1674.69,2
17658,3,485.88,0
17659,14,2954.75,3
17660,1,196,0
17663,9,1788.27,2
17664,2,604.64,1
17666,2,728.16,1
17667,5,2055.51,2
17668,2,347.75,0
17669,7,3406.72,3
17670,1,205.7,0
17671,6,1284.08,1
17672,4,3106.62,3
17673,7,1622.22,2
17674,2,551.04,1
17675,41,20098.1,20
17676,7,1383.27,1
17677,43,16219.22,16
17678,1,298.11,0
17679,2,1992.11,2
17680,1,184.4,0
17682,7,2459.33,2
17684,1,239.41,0
17685,7,3191.53,3
17686,7,5739.46000000001,6
17690,16,4748.45,5
17691,2,290.4,0
17692,5,733.44,1
17693,3,187.02,0
17694,1,283.12,0
17695,2,765.34,1
17696,14,2201.05,2
17697,1,338.95,0
17698,1,154.95,0
17700,6,2508.89,3
17701,1,417.95,0
17702,6,1719.72,2
17703,3,798.74,1
17704,2,885.19,1
17705,10,1781.12,2
17706,22,10097.37,10
17707,2,152.4,0
17708,2,267.08,0
17709,1,137.45,0
17711,2,385.1,0
17712,1,522.91,1
17714,1,153,0
17715,1,326.4,0
17716,12,5505.79,6
17718,1,139.35,0
17719,18,5367.8,5
17720,4,1195.94,1
17722,6,2380.64,2
17723,6,3276.4,3
17724,4,995.65,1
17725,14,3371.13,3
17727,2,1042.55,1
17728,5,2515.68,3
17730,15,5288.83,5
17731,5,878.2,1
17732,1,303.97,0
17733,2,692.19,1
17734,3,700.63,1
17735,19,13110.02,13
17736,4,337.49,0
17737,2,168.24,0
17738,5,1863.35,2
17739,8,2786.05,3
17742,2,355.11,0
17744,7,2291.08,2
17746,2,98.8,0
17747,2,64.65,0
17749,2,674.52,1
17750,9,1797.57,2
17752,1,80.64,0
17754,6,1739.92,2
17757,31,5585.48999999999,6
17758,8,3456.7,3
17759,3,834.99,1
17760,2,287.59,0
17761,1,712.78,1
17763,1,15,0
17764,2,818.82,1
17765,3,371.88,0
17767,1,271.2,0
17768,3,2273.18,2
17769,12,3960.63,4
17770,5,1143.27,1
17771,2,245.81,0
17772,2,182.77,0
17774,5,1215.46,1
17775,1,56.4,0
17777,3,665.86,1
17779,5,642.17,1
17781,2,188.02,0
17783,2,283.47,0
17785,1,131.94,0
17786,2,278.74,0
17787,4,1865.19,2
17788,2,1117.9,1
17789,1,225.9,0
17790,14,1965.55,2
17791,1,106.1,0
17793,1,323.04,0
17795,2,350.39,0
17796,4,697.9,1
17797,3,780.43,1
17799,11,3026.08,3
17800,9,1199.01,1
17802,4,1251.84,1
17805,1,512.31,1
17806,1,546.04,1
17809,15,4627.62,5
17811,51,7677.70999999999,8
17812,4,732.16,1
17813,7,1714.6,2
17816,4,36.56,0
17817,3,387.68,0
17819,8,3661.07,4
17820,2,-24.05,0
17824,1,298.4,0
17827,5,1995.46,2
17828,9,1599.97,2
17829,1,889.24,1
17830,3,398.7,0
17831,1,35.4,0
17832,1,155.37,0
17835,3,350.64,0
17836,1,110.21,0
17837,10,1560.53,2
17838,6,2312.7,2
17839,1,338.8,0
17841,169,40340.7800000001,40
17843,1,205.48,0
17844,1,51.56,0
17846,1,2033.1,2
17848,9,901.2,1
17849,4,605.8,1
17850,35,5288.63000000001,5
17852,2,114.34,0
17854,2,311.26,0
17855,1,208.97,0
17856,6,1393.79,1
17857,25,26763.34,27
17858,12,5155.66,5
17859,1,148.21,0
17860,1,252.8,0
17861,9,2059.2,2
17862,1,330.9,0
17863,6,3160,3
17864,3,597.5,1
17865,27,10158.54,10
17866,2,325.7,0
17867,8,622.75,1
17869,5,428.18,0
17870,13,1889.4,2
17871,1,155.9,0
17873,6,1764.36,2
17874,7,658.26,1
17877,1,237.61,0
17878,1,379.45,0
17879,1,178.52,0
17880,1,458.92,0
17881,1,133.35,0
17883,4,671.769999999999,1
17884,4,717.449999999999,1
17885,1,190.19,0
17886,3,899.61,1
17887,1,111.35,0
17888,10,525.78,1
17889,2,203.87,0
17890,2,602.090000000001,1
17891,1,203.86,0
17892,3,244.1,0
17893,1,112.25,0
17894,8,1119.81,1
17895,1,98,0
17896,1,256.32,0
17897,4,541.1,1
17898,2,152.06,0
17899,1,155.8,0
17900,4,15,0
17901,1,110.38,0
17904,2,178.92,0
17905,4,800.24,1
17906,1,72.9,0
17908,1,243.28,0
17911,1,366.23,0
17912,6,295.61,0
17913,2,411.6,0
17914,1,336.43,0
17917,3,341.28,0
17919,1,1304.04,1
17920,17,4204.09999999999,4
17921,4,826.52,1
17923,1,207.5,0
17924,13,2894.33,3
17925,1,244.08,0
17926,2,397.29,0
17928,2,212.54,0
17929,5,834.5,1
17930,5,1740.48,2
17931,2,408.36,0
17932,3,1331.57,1
17934,2,704.25,1
17935,2,145.79,0
17936,1,389.84,0
17937,7,4301.22,4
17939,1,99.14,0
17940,14,1983.58,2
17941,1,304.56,0
17942,1,77.5,0
17946,2,149.58,0
17947,1,176.68,0
17948,1,358.56,0
17949,52,52750.84,53
17950,4,472.12,0
17951,4,990.84,1
17954,16,2295.37,2
17955,4,557.3,1
17956,1,12.75,0
17957,1,111.68,0
17958,1,508.46,1
17960,1,73.78,0
17961,39,1296.44,1
17962,1,102.83,0
17964,2,471.7,0
17965,14,2622.57,3
17966,5,1098.43,1
17967,1,123.07,0
17968,1,277.35,0
17969,2,228.2,0
17970,1,582.59,1
17972,1,136.04,0
17973,1,337.04,0
17974,3,740.79,1
17975,14,4393.61,4
17976,1,353.19,0
17977,1,288.14,0
17978,1,300.92,0
17979,5,737.81,1
17980,3,811.45,1
17984,1,152.68,0
17985,1,634.95,1
17986,1,20.8,0
17987,1,198.57,0
17988,8,191.17,0
17990,3,630.84,1
17991,2,93.35,0
17994,6,629.69,1
17995,1,76.1,0
17997,12,1511.3,2
17999,2,382.06,0
18001,2,417.23,0
18004,1,169.47,0
18005,2,249.72,0
18006,1,444.68,0
18008,9,2116.19,2
18009,2,252.24,0
18010,1,174.8,0
18011,1,102.79,0
18013,2,187.29,0
18014,1,166.42,0
18015,1,120.03,0
18016,5,1483.56,1
18017,3,523,1
18018,2,122.14,0
18019,1,38.45,0
18022,1,668.11,1
18024,3,236.78,0
18027,1,115.31,0
18030,3,220.7,0
18032,1,73.5,0
18033,1,97.97,0
18034,2,422.88,0
18035,3,730.4,1
18036,3,405.62,0
18037,6,70.02,0
18040,2,357.2,0
18041,22,4161.14,4
18042,1,165.05,0
18043,3,559.51,1
18044,11,2085.65,2
18045,1,189.4,0
18048,2,172.29,0
18050,1,74.4,0
18053,2,297.07,0
18055,11,6752.14,7
18056,1,363.65,0
18058,1,170.16,0
18059,4,296.71,0
18061,10,2119.41,2
18062,3,720.52,1
18064,2,814,1
18065,15,2380.08,2
18066,1,318,0
18067,1,396.33,0
18068,1,101.7,0
18069,7,2021.82,2
18071,2,453,0
18072,2,-5.6843418860808E-14,0
18073,13,3864.44,4
18074,1,489.6,0
18075,14,2538.72,3
18077,11,2633.01,3
18078,2,336.13,0
18079,4,3651.97,4
18080,2,1231.5,1
18081,3,343.45,0
18082,1,703.37,1
18084,2,87.53,0
18085,2,689.95,1
18086,1,101.34,0
18087,4,3770.12,4
18088,1,167.67,0
18092,12,9065.76,9
18093,5,2083.42,2
18094,7,3017.3,3
18095,2,580.05,1
18096,3,911.15,1
18097,7,2692.85,3
18099,1,168.31,0
18101,2,223.65,0
18102,62,256438.49,256
18104,1,754.64,1
18105,1,113.48,0
18106,1,430.7,0
18108,2,264.65,0
18109,31,7925.32,8
18110,2,206.05,0
18112,2,352.69,0
18113,1,76.32,0
18114,1,220.1,0
18116,8,1418.03,1
18117,1,320.72,0
18118,31,5595.76999999997,6
18119,1,181.12,0
18120,1,111.15,0
18121,2,673.1,1
18122,6,1826.21,2
18123,2,589.44,1
18125,5,1141.34,1
18126,1,206.83,0
18127,3,348.73,0
18129,1,112.55,0
18130,4,1045.74,1
18133,2,715.5,1
18135,5,681.91,1
18136,4,761.83,1
18138,1,152.65,0
18139,8,8393.22,8
18141,1,-35.4,0
18142,4,1014.9,1
18143,2,1000.16,1
18144,12,2888.75,3
18145,4,2861.55,3
18146,2,160.35,0
18147,2,179.34,0
18149,3,612.08,1
18150,3,566.58,1
18151,2,653.35,1
18154,2,399.19,0
18155,4,347.82,0
18156,2,734.94,1
18158,3,451.75,0
18159,1,530.15,1
18160,2,638.06,1
18161,6,1612.79,2
18164,2,394.7,0
18165,1,302.46,0
18167,6,1355.51,1
18168,9,1133.64,1
18169,1,202.65,0
18170,3,980.31,1
18171,7,1208.51,1
18172,25,7490.17,7
18173,4,2106.84,2
18174,1,104,0
18176,2,448.65,0
18177,7,1314.17,1
18178,6,1573.41,2
18179,6,1793.17,2
18180,6,1843.75,2
18181,1,382.8,0
18183,6,600.52,1
18184,1,49.8,0
18185,1,304.25,0
18188,4,1998.49,2
18189,3,1084.34,1
18190,3,274.51,0
18191,1,207.8,0
18192,1,957.97,1
18193,3,212.96,0
18194,2,896,1
18196,2,689.13,1
18198,21,5083.06,5
18200,1,163.8,0
18202,3,1396.99,1
18203,1,160.42,0
18204,4,1979.3,2
18205,2,517.36,1
18209,1,139.1,0
18210,6,2621.38,3
18211,5,600.07,1
18212,1,248.42,0
18213,1,232.48,0
18215,1,299.34,0
18216,1,481.75,0
18217,2,621.75,1
18218,4,626.38,1
18219,11,2019.77,2
18220,2,297.78,0
18221,6,1033.31,1
18222,1,443,0
18223,27,6315.23,6
18224,1,158.95,0
18225,17,5361.02,5
18226,14,5192.1,5
18227,1,93.75,0
18228,3,769.2,1
18229,20,7276.9,7
18230,10,2716.6,3
18231,6,2066.17,2
18232,5,582.47,1
18233,1,440,0
18235,3,1796.48,2
18236,6,882.24,1
18237,5,987.1,1
18239,5,1561.61,2
18240,1,422.58,0
18241,18,2058.09,2
18242,4,2232.49,2
18245,8,2507.56,3
18246,2,596.1,1
18248,4,783.02,1
18249,1,95.34,0
18250,2,342.92,0
18251,1,4314.72,4
18252,2,526.67,1
18255,1,103.3,0
18256,1,-50.1,0
18257,12,2265.38,2
18259,3,2338.6,2
18260,8,2595,3
18261,2,324.24,0
18262,1,149.48,0
18263,4,1211.08,1
18265,2,801.51,1
18268,2,0,0
18269,2,138.9,0
18270,3,238.95,0
18272,7,3064.78,3
18273,3,204,0
18274,2,-1.59872115546023E-14,0
18276,3,323.36,0
18277,2,97.63,0
18278,1,173.9,0
18280,1,180.6,0
18281,1,80.82,0
18282,3,176.6,0
18283,16,2094.88,2
18287,3,1837.28,2
